EquipmentUnit	Bundary	Component	ComponentId
Risers	Accessories	Bend restrictor	Bend restrictor
Risers	Accessories	Buoyancy device	Buoyancy device
Risers	Accessories	J/I-tube seal	J/I-tube seal
Risers	Accessories	Stabilizing and guiding equipment	Stabilizing and guiding equipment
Risers	Accessories	Tension- and motion-compensation equipment	Tension- and motion-compensation equipment
Gas turbines	Accessory drive	Bearing	Bearing
Gas turbines	Accessory drive	Casing	Casing
Gas turbines	Accessory drive	Gearbox	Gearbox
Gas turbines	Accessory drive	Seals	Seal
Gas turbines	Air intake	Air cooling	Air cooling
Gas turbines	Air intake	Anti-icing	Anti-icing
Gas turbines	Air intake	Filters	Filter
Gas turbines	Air intake	Inlet vanes	Inlet vane
Gas turbines	Air intake	Intake duct	Intake duct
Control logic units	Analog output cards	(X-wiring)	(X-wiring)
Control logic units	Analog output cards	Connec-	Connec-
Control logic units	Analog output cards	Output card	Output card
Control logic units	Analog output cards	Relay	Relay
Control logic units	Analog output cards	tion unit 	tion unit
Valves	Analog output cards	Indicator	Indicator
Valves	Analog output cards	Instrument, general	Instrument, general
Valves	Analog output cards	Instrument, position	Instrument, position
Valves	Analog output cards	Internal power supply	Internal power supply
Valves	Analog output cards	Limit switch	Limit switch
Valves	Analog output cards	Monitoring	Monitoring
Valves	Analog output cards	Pilot valve c	Pilot valve c
Valves	Analog output cards	Quick exhaust dump valve	Quick exhaust dump valve
Valves	Analog output cards	Solenoid valve	Solenoid valve
Valves	Analog output cards	Valves	Valve
Valves	Analog output cards	Wiring	Wiring
Subsea blowout preventers (BOP)	Backup control	Accumulators	Accumulator
Subsea blowout preventers (BOP)	Backup control	Battery	Battery
Subsea blowout preventers (BOP)	Backup control	Hot stab	Hot stab
Subsea blowout preventers (BOP)	Backup control	Pilot valves	Pilot valve
Subsea blowout preventers (BOP)	Backup control	ROV intervention panel	ROV intervention panel
Subsea blowout preventers (BOP)	Backup control	ROV operated	ROV operated
Subsea blowout preventers (BOP)	Backup control	Shuttle valves	Shuttle valve
Subsea blowout preventers (BOP)	Backup control	Shuttle valves	Shuttle valve
Subsea blowout preventers (BOP)	Backup control	Solenoid valves	Solenoid valve
Subsea blowout preventers (BOP)	Backup control	Subsea control unit	Subsea control unit
Subsea blowout preventers (BOP)	Backup control	Subsea	Subsea
Subsea blowout preventers (BOP)	Backup control	Surface control unit	Surface control unit
Subsea blowout preventers (BOP)	Backup control	Transducers	Transducer
Subsea blowout preventers (BOP)	Backup control	Transducers Surface	Transducers Surface
Subsea blowout preventers (BOP)	Backup control	Valves, ROV operated shut-off	Valves, ROV operated shut-off
Subsea pumps	Barrier fluid	Accumulator	Accumulator
Subsea pumps	Barrier fluid	Cooling	Cooling
Subsea pumps	Barrier fluid	Filter	Filter
Subsea pumps	Barrier fluid	Hydraulic coupling	Hydraulic coupling
Subsea pumps	Barrier fluid	Lubrication oil	Lubrication oil
Subsea pumps	Barrier fluid	Lubrication oil pump incl. driver	Lubrication oil pump incl. driver
Subsea pumps	Barrier fluid	Piping	Piping
Subsea pumps	Barrier fluid	Reservoir	Reservoir
Subsea pumps	Barrier fluid	Valve, check	Valve, check
UPS	Bypass unit	Bypass switch	Bypass switch
UPS	Bypass unit	Bypass transformer	Bypass transformer
UPS	Bypass unit	Contactor feeder a Fuse	Contactor feeder a Fuse
UPS	Bypass unit	Instrument	Instrument
UPS	Bypass unit	Static switch	Static switch
Combustion engines	Combustion engine unit	Air inlet	Air inlet
Combustion engines	Combustion engine unit	Cylinders	Cylinder
Combustion engines	Combustion engine unit	Exhaust	Exhaust
Combustion engines	Combustion engine unit	Fuel filters	Fuel filter
Combustion engines	Combustion engine unit	Fuel pumps	Fuel pump
Combustion engines	Combustion engine unit	Ignition system	Ignition system
Combustion engines	Combustion engine unit	Injectors	Injector
Combustion engines	Combustion engine unit	Piping	Piping
Combustion engines	Combustion engine unit	Pistons	Piston
Combustion engines	Combustion engine unit	Radial bearing	Radial bearing
Combustion engines	Combustion engine unit	Seals	Seal
Combustion engines	Combustion engine unit	Shaft	Shaft
Combustion engines	Combustion engine unit	Thrust bearing	Thrust bearing
Combustion engines	Combustion engine unit	Turbocharger	Turbocharger
Combustion engines	Combustion engine unit	Valves	Valve
Gas turbines	Combustion system	Combustor	Combustor
Gas turbines	Combustion system	Fuel nozzles	Fuel nozzle
Gas turbines	Combustion system	Seals	Seal
Downhole well completion	Completion string	Annulus safety valve	Annulus safety valve
Downhole well completion	Completion string	Autonomous control device (AICD)	Autonomous control device (AICD)
Downhole well completion	Completion string	Downhole packer/hanger	Downhole packer/hanger
Downhole well completion	Completion string	Electrical submersible pump b	Electrical submersible pump b
Downhole well completion	Completion string	Flow coupling	Flow coupling
Downhole well completion	Completion string	Fracturing plug	Fracturing plug
Downhole well completion	Completion string	Fracturing sleeve	Fracturing sleeve
Downhole well completion	Completion string	Hydraulical submersible 	Hydraulical submersible
Downhole well completion	Completion string	Inflow control device	Inflow control device
Downhole well completion	Completion string	Inflow control valve	Inflow control valve
Downhole well completion	Completion string	Nipple for wireline SCSSV	Nipple for wireline SCSSV
Downhole well completion	Completion string	Permanent gauge	Permanent gauge
Downhole well completion	Completion string	Production packer	Production packer
Downhole well completion	Completion string	pump	pump
Downhole well completion	Completion string	Seal assembly	Seal assembly
Downhole well completion	Completion string	Sidepocket mandrel	Sidepocket mandrel
Downhole well completion	Completion string	Sliding sleeve	Sliding sleeve
Downhole well completion	Completion string	TR-SCSSV	TR-SCSSV
Downhole well completion	Completion string	Tubing	Tubing
Downhole well completion	Completion string	Tubing hanger	Tubing hanger
Compressors	Compressor	Antisurge system b	Antisurge system b
Compressors	Compressor	Casing	Casing
Compressors	Compressor	Cylinder liner	Cylinder liner
Compressors	Compressor	Internal piping	Internal piping
Compressors	Compressor	Interstage seals	Interstage seal
Compressors	Compressor	Packing	Packing
Compressors	Compressor	Piston	Piston
Compressors	Compressor	Radial bearing	Radial bearing
Compressors	Compressor	Rotor with impellers Balance piston	Rotor with impellers Balance piston
Compressors	Compressor	Shaft seals	Shaft seal
Compressors	Compressor	Thrust bearing	Thrust bearing
Compressors	Compressor	Valves	Valve
Gas turbines	Compressor	Anti-icing valve Casing	Anti-icing valve Casing
Gas turbines	Compressor	Anti-surge valve	Anti-surge valve
Gas turbines	Compressor	Aux. bleeding system	Aux. bleeding system
Gas turbines	Compressor	Compressor	Compressor
Gas turbines	Compressor	Cooling system	Cooling system
Gas turbines	Compressor	Piping	Piping
Gas turbines	Compressor	Radial bearing	Radial bearing
Gas turbines	Compressor	Rotor	Rotor
Gas turbines	Compressor	Seals	Seal
Gas turbines	Compressor	Stator	Stator
Gas turbines	Compressor	Thrust bearing	Thrust bearing
Gas turbines	Compressor	VGV system	VGV system
Steam turbines	Condenser	Condenser	Condenser
Steam turbines	Condenser	Reg. pump	Reg. pump
Steam turbines	Condenser	Vacuum pump	Vacuum pump
Surface blowout preventers (BOP)	Connectors	Body	Body
Surface blowout preventers (BOP)	Connectors	Connectors:	Connectors:
Surface blowout preventers (BOP)	Connectors	Locking mechanism	Locking mechanism
Surface blowout preventers (BOP)	Connectors	Main-bore seal ring	Main-bore seal ring
Surface blowout preventers (BOP)	Connectors	Piston	Piston
Surface blowout preventers (BOP)	Connectors	Seals	Seal
Boom system	Control and monitoring	Hoist sheaves Hook	Hoist sheaves Hook
Boom system	Control and monitoring	Hoist winch	Hoist winch
Boom system	Control and monitoring	Lifting wire	Lifting wire
Boom system	Control and monitoring	Shock damper	Shock damper
Combustion engines	Control and monitoring	Actuating device	Actuating device
Combustion engines	Control and monitoring	Control unit	Control unit
Combustion engines	Control and monitoring	Internal power supply	Internal power supply
Combustion engines	Control and monitoring	Monitoring	Monitoring
Combustion engines	Control and monitoring	Piping	Piping
Combustion engines	Control and monitoring	Seals	Seal
Combustion engines	Control and monitoring	Sensor	Sensor
Combustion engines	Control and monitoring	Valves	Valve
Combustion engines	Control and monitoring	Wiring	Wiring
Compressors	Control and monitoring	Actuating device Control unit	Actuating device Control unit
Compressors	Control and monitoring	Cables and junction boxes	Cables and junction boxe
Compressors	Control and monitoring	Internal power supply	Internal power supply
Compressors	Control and monitoring	Monitoring	Monitoring
Compressors	Control and monitoring	Piping	Piping
Compressors	Control and monitoring	Seals	Seal
Compressors	Control and monitoring	Sensors	Sensor
Compressors	Control and monitoring	Valves	Valve
Compressors	Control and monitoring	Wiring	Wiring
Electric generators	Control and monitoring	Actuating device	Actuating device
Electric generators	Control and monitoring	Control unit	Control unit
Electric generators	Control and monitoring	Internal power supply Monitoring	Internal power supply Monitoring
Electric generators	Control and monitoring	Piping	Piping
Electric generators	Control and monitoring	Seals	Seal
Electric generators	Control and monitoring	Sensor	Sensor
Electric generators	Control and monitoring	Valves	Valve
Electric generators	Control and monitoring	Wiring	Wiring
Electric motors	Control and monitoring	Actuating device	Actuating device
Electric motors	Control and monitoring	Control unit	Control unit
Electric motors	Control and monitoring	Internal power supply Monitoring	Internal power supply Monitoring
Electric motors	Control and monitoring	Piping	Piping
Electric motors	Control and monitoring	Seals	Seal
Electric motors	Control and monitoring	Sensor	Sensor
Electric motors	Control and monitoring	Valves	Valve
Electric motors	Control and monitoring	Wiring	Wiring
Frequency converters	Control and monitoring	Cards	Card
Frequency converters	Control and monitoring	Communication	Communication
Frequency converters	Control and monitoring	Control and monitoring	Control and monitoring
Frequency converters	Control and monitoring	Control unit	Control unit
Frequency converters	Control and monitoring	Instruments	Instrument
Frequency converters	Control and monitoring	Internal power	Internal power
Frequency converters	Control and monitoring	Miniature circuit breakers/fuses Isolation switch	Miniature circuit breakers/fuses Isolation switch
Frequency converters	Control and monitoring	Monitoring	Monitoring
Frequency converters	Control and monitoring	Supply	Supply
Frequency converters	Control and monitoring	Wiring	Wiring
Gas turbines	Control and monitoring	Actuating devices	Actuating device
Gas turbines	Control and monitoring	Control unit	Control unit
Gas turbines	Control and monitoring	Internal power supply	Internal power supply
Gas turbines	Control and monitoring	Monitoring	Monitoring
Gas turbines	Control and monitoring	Seals	Seal
Gas turbines	Control and monitoring	Sensor	Sensor
Gas turbines	Control and monitoring	Valves	Valve
Gas turbines	Control and monitoring	Wires	Wire
Heat exchangers	Control and monitoring	Actuating device	Actuating device
Heat exchangers	Control and monitoring	Control unit	Control unit
Heat exchangers	Control and monitoring	Internal power supply	Internal power supply
Heat exchangers	Control and monitoring	Monitoring	Monitoring
Heat exchangers	Control and monitoring	Piping	Piping
Heat exchangers	Control and monitoring	Seals	Seal
Heat exchangers	Control and monitoring	Sensor	Sensor
Heat exchangers	Control and monitoring	Valves	Valve
Heat exchangers	Control and monitoring	Wiring	Wiring
Heaters and boilers	Control and monitoring	Actuating device	Actuating device
Heaters and boilers	Control and monitoring	Control and monitoring	Control and monitoring
Heaters and boilers	Control and monitoring	Control unit	Control unit
Heaters and boilers	Control and monitoring	Internal power supply Monitoring Sensors a	Internal power supply Monitoring Sensors a
Heaters and boilers	Control and monitoring	Piping	Piping
Heaters and boilers	Control and monitoring	Seals	Seal
Heaters and boilers	Control and monitoring	Valves	Valve
Heaters and boilers	Control and monitoring	Wiring	Wiring
Lifeboats	Control and monitoring	Air regulator	Air regulator
Lifeboats	Control and monitoring	Control panel	Control panel
Lifeboats	Control and monitoring	Hydrostatic interlock system/Limit switches	Hydrostatic interlock system/Limit switche
Lifeboats	Control and monitoring	Lifeboat release hook	Lifeboat release hook
Lifeboats	Control and monitoring	Lifeboat release panel	Lifeboat release panel
Piping	Control and monitoring	Actuating device	Actuating device
Piping	Control and monitoring	Control unit	Control unit
Piping	Control and monitoring	Internal power supply Monitoring	Internal power supply Monitoring
Piping	Control and monitoring	Piping	Piping
Piping	Control and monitoring	Seals	Seal
Piping	Control and monitoring	Sensor	Sensor
Piping	Control and monitoring	Valves	Valve
Piping	Control and monitoring	Wiring	Wiring
Pressure vessels	Control and monitoring	Actuating device	Actuating device
Pressure vessels	Control and monitoring	Control unit	Control unit
Pressure vessels	Control and monitoring	Internal power supply	Internal power supply
Pressure vessels	Control and monitoring	Monitoring	Monitoring
Pressure vessels	Control and monitoring	Piping	Piping
Pressure vessels	Control and monitoring	Seals	Seal
Pressure vessels	Control and monitoring	Sensors	Sensor
Pressure vessels	Control and monitoring	Valves	Valve
Pressure vessels	Control and monitoring	Wiring	Wiring
Pumps	Control and monitoring	Actuating device	Actuating device
Pumps	Control and monitoring	Control unit	Control unit
Pumps	Control and monitoring	Internal power supply Monitoring	Internal power supply Monitoring
Pumps	Control and monitoring	Piping	Piping
Pumps	Control and monitoring	Seals	Seal
Pumps	Control and monitoring	Sensors	Sensor
Pumps	Control and monitoring	Valves	Valve
Pumps	Control and monitoring	Wiring	Wiring
Steam turbines	Control and monitoring	Actuating device Control unit	Actuating device Control unit
Steam turbines	Control and monitoring	Internal power supply Monitoring	Internal power supply Monitoring
Steam turbines	Control and monitoring	Piping	Piping
Steam turbines	Control and monitoring	Seals	Seal
Steam turbines	Control and monitoring	Sensors	Sensor
Steam turbines	Control and monitoring	Valves	Valve
Steam turbines	Control and monitoring	Wiring	Wiring
Storage tanks	Control and monitoring	Control and monitoring	Control and monitoring
Storage tanks	Control and monitoring	Flame arrester	Flame arrester
Storage tanks	Control and monitoring	Open vent	Open vent
Storage tanks	Control and monitoring	Piping	Piping
Storage tanks	Control and monitoring	Sensor	Sensor
Subsea pressure vessels	Control and monitoring	Sensors	Sensor
Subsea pressure vessels	Control and monitoring	Valve, control	Valve, control
Subsea pumps a	Control and monitoring	Cable	Cable
Subsea pumps a	Control and monitoring	Control and monitoring	Control and monitoring
Subsea pumps a	Control and monitoring	Junction box Leak sensor	Junction box Leak sensor
Subsea pumps a	Control and monitoring	Level sensor	Level sensor
Subsea pumps a	Control and monitoring	Power supply	Power supply
Subsea pumps a	Control and monitoring	Power/signal coupler Speed sensor	Power/signal coupler Speed sensor
Subsea pumps a	Control and monitoring	Pressure sensor	Pressure sensor
Subsea pumps a	Control and monitoring	Temperature sensor	Temperature sensor
Subsea pumps a	Control and monitoring	Valve, other	Valve, other
Subsea pumps a	Control and monitoring	Vibration sensor	Vibration sensor
Surface well control equipment (for well intervention)	Control and monitoring	Accumulator	Accumulator
Surface well control equipment (for well intervention)	Control and monitoring	Electronics module	Electronics module
Surface well control equipment (for well intervention)	Control and monitoring	Filter	Filter
Surface well control equipment (for well intervention)	Control and monitoring	Hand actuator	Hand actuator
Surface well control equipment (for well intervention)	Control and monitoring	Hydraulic coupling	Hydraulic coupling
Surface well control equipment (for well intervention)	Control and monitoring	Hydraulic fluid tank	Hydraulic fluid tank
Surface well control equipment (for well intervention)	Control and monitoring	LV power/signal connector	LV power/signal connector
Surface well control equipment (for well intervention)	Control and monitoring	Pilot controlled valve	Pilot controlled valve
Surface well control equipment (for well intervention)	Control and monitoring	Prime mover	Prime mover
Surface well control equipment (for well intervention)	Control and monitoring	Pump	Pump
Surface well control equipment (for well intervention)	Control and monitoring	Relief valve	Relief valve
Surface well control equipment (for well intervention)	Control and monitoring	Shuttle valve	Shuttle valve
Surface well control equipment (for well intervention)	Control and monitoring	Solenoid control valve	Solenoid control valve
Surface wellhead and X-mas trees	Control and monitoring	Control and monitoring	Control and monitoring
Surface wellhead and X-mas trees	Control and monitoring	Control panel	Control panel
Surface wellhead and X-mas trees	Control and monitoring	Electric instrument tubing	Electric instrument tubing
Surface wellhead and X-mas trees	Control and monitoring	Hydraulic instrument tubing	Hydraulic instrument tubing
Surface wellhead and X-mas trees	Control and monitoring	Limit switch	Limit switch
Surface wellhead and X-mas trees	Control and monitoring	Pressure indicator	Pressure indicator
Surface wellhead and X-mas trees	Control and monitoring	Pressure transmitters	Pressure transmitter
Surface wellhead and X-mas trees	Control and monitoring	Temperature sensors	Temperature sensor
Top drives	Control and monitoring	Check valves	Check valve
Top drives	Control and monitoring	Control panel Control	Control panel Control
Top drives	Control and monitoring	Electric and/or hydraulic solenoid cabinet	Electric and/or hydraulic solenoid cabinet
Top drives	Control and monitoring	Junction box Sensor	Junction box Sensor
Top drives	Control and monitoring	Other valves	Other valve
Top drives	Control and monitoring	Service loops Manifolds	Service loops Manifold
Top drives	Control and monitoring	Solenoid valves	Solenoid valve
Turbo expanders	Control and monitoring	Actuating device	Actuating device
Turbo expanders	Control and monitoring	Control unit	Control unit
Turbo expanders	Control and monitoring	Internal power supply Monitoring	Internal power supply Monitoring
Turbo expanders	Control and monitoring	Piping	Piping
Turbo expanders	Control and monitoring	Seals	Seal
Turbo expanders	Control and monitoring	Sensors	Sensor
Turbo expanders	Control and monitoring	Valves	Valve
Turbo expanders	Control and monitoring	Wiring	Wiring
Turrets	Control and monitoring	Turrets	Turret
UPS	Control and monitoring	Control unit	Control unit
UPS	Control and monitoring	Insulation monitoring device	Insulation monitoring device
UPS	Control and monitoring	Internal power supply Monitoring	Internal power supply Monitoring
UPS	Control and monitoring	Sensor	Sensor
UPS	Control and monitoring	Wiring	Wiring
Winches	Control and monitoring	Actuating device	Actuating device
Winches	Control and monitoring	Control unit	Control unit
Winches	Control and monitoring	Internal power supply Monitoring	Internal power supply Monitoring
Winches	Control and monitoring	Piping	Piping
Winches	Control and monitoring	Seals	Seal
Winches	Control and monitoring	Sensors	Sensor
Winches	Control and monitoring	Valves	Valve
Winches	Control and monitoring	Wiring	Wiring
Switchgear	Control protection and monitoring	Communication interface	Communication interface
Switchgear	Control protection and monitoring	Control power supply	Control power supply
Switchgear	Control protection and monitoring	Metering b	Metering b
Switchgear	Control protection and monitoring	Miniature circuit breakers (MCB)	Miniature circuit breakers (MCB)
Switchgear	Control protection and monitoring	Piping	Piping
Switchgear	Control protection and monitoring	PLC	PLC
Switchgear	Control protection and monitoring	Protection relay and interlock c	Protection relay and interlock c
Switchgear	Control protection and monitoring	Sensor	Sensor
Switchgear	Control protection and monitoring	Terminal blocks and connectors	Terminal blocks and connector
Switchgear	Control protection and monitoring	Valve	Valve
Switchgear	Control protection and monitoring	Wiring	Wiring
Combustion engines	Cooling system	Fan	Fan
Combustion engines	Cooling system	Filter	Filter
Combustion engines	Cooling system	Heat exchanger	Heat exchanger
Combustion engines	Cooling system	Motor	Motor
Combustion engines	Cooling system	Piping	Piping
Combustion engines	Cooling system	Pump	Pump
Combustion engines	Cooling system	Temperature-control sensor	Temperature-control sensor
Combustion engines	Cooling system	Valves	Valve
Electric generators	Cooling system	Fan	Fan
Electric generators	Cooling system	Filter	Filter
Electric generators	Cooling system	Heat exchanger	Heat exchanger
Electric generators	Cooling system	Motor	Motor
Electric generators	Cooling system	Piping	Piping
Electric generators	Cooling system	Pump	Pump
Electric generators	Cooling system	Valves	Valve
Electric motors	Cooling system	Cooling system	Cooling system
Electric motors	Cooling system	Fan	Fan
Electric motors	Cooling system	Filter	Filter
Electric motors	Cooling system	Heat exchanger	Heat exchanger
Electric motors	Cooling system	Motor	Motor
Electric motors	Cooling system	Piping	Piping
Electric motors	Cooling system	Pump	Pump
Electric motors	Cooling system	Valves	Valve
Frequency converters	Cooling system	Enclosure cooling fans De-ioniser b	Enclosure cooling fans De-ioniser b
Frequency converters	Cooling system	Filter	Filter
Frequency converters	Cooling system	Heat exchanger	Heat exchanger
Frequency converters	Cooling system	Louver	Louver
Frequency converters	Cooling system	Motor	Motor
Frequency converters	Cooling system	Piping	Piping
Frequency converters	Cooling system	Pump	Pump
Frequency converters	Cooling system	Seals	Seal
Frequency converters	Cooling system	Valves	Valve
Frequency converters	DC bus	Brake choppers	Brake chopper
Frequency converters	DC bus	Capacitors	Capacitor
Frequency converters	DC bus	Charging circuits	Charging circuit
Frequency converters	DC bus	Fuses	Fuse
Frequency converters	DC bus	Inductors	Inductor
Frequency converters	DC bus	Internal circuit breaker or disconnector Switch fuses	Internal circuit breaker or disconnector Switch fuse
Control logic units	Digital input cards	Connec-	Connec-
Control logic units	Digital input cards	Input card	Input card
Control logic units	Digital input cards	tion unit (X-wiring)	tion unit (X-wiring)
Valves	Digital input cards	Case	Case
Valves	Digital input cards	Diaphragm	Diaphragm
Valves	Digital input cards	Electrical motor	Electrical motor
Valves	Digital input cards	Gear	Gear
Valves	Digital input cards	Piston	Piston
Valves	Digital input cards	Seals/gaskets	Seals/gasket
Valves	Digital input cards	Spring	Spring
Valves	Digital input cards	Stem	Stem
Valves	Digital input cards	Travel stop	Travel stop
Control logic units	Digital output cards	(X-wiring)	(X-wiring)
Control logic units	Digital output cards	Connec-	Connec-
Control logic units	Digital output cards	Digital output cards	Digital output card
Control logic units	Digital output cards	Output card	Output card
Control logic units	Digital output cards	Relay	Relay
Control logic units	Digital output cards	tion unit 	tion unit
Valves	Digital output cards	Accumulator	Accumulator
Valves	Digital output cards	Others	Other
Downhole well completion	Downhole power/ control/monitoring	Downhole control module	Downhole control module
Downhole well completion	Downhole power/ control/monitoring	Downhole power/ control/monitoring	Downhole power/ control/monitoring
Downhole well completion	Downhole power/ control/monitoring	Electric-connector, downhole gauge	Electric-connector, downhole gauge
Downhole well completion	Downhole power/ control/monitoring	Electric-connector, tubing hanger	Electric-connector, tubing hanger
Downhole well completion	Downhole power/ control/monitoring	Hanger penetrator	Hanger penetrator
Downhole well completion	Downhole power/ control/monitoring	Hydraulic control line	Hydraulic control line
Downhole well completion	Downhole power/ control/monitoring	Packer penetrator	Packer penetrator
Downhole well completion	Downhole power/ control/monitoring	Power cable	Power cable
Downhole well completion	Downhole power/ control/monitoring	Signal/instrument cable	Signal/instrument cable
Downhole well completion	Downhole power/ control/monitoring	Wellhead penetrator	Wellhead penetrator
Subsea electrical power distribution	Dynamic power cable	Buoyancy device	Buoyancy device
Subsea electrical power distribution	Dynamic power cable	Fibre-optic line	Fibre-optic line
Subsea electrical power distribution	Dynamic power cable	HV power line	HV power line
Subsea electrical power distribution	Dynamic power cable	J/I-tube seal	J/I-tube seal
Subsea electrical power distribution	Dynamic power cable	Midline joint	Midline joint
Subsea electrical power distribution	Dynamic power cable	Sheath/armour	Sheath/armour
Subsea electrical power distribution	Dynamic power cable	Stabilizer	Stabilizer
Subsea electrical power distribution	Dynamic power cable	Subsea cable termination unit	Subsea cable termination unit
Subsea electrical power distribution	Dynamic power cable	Tension & motion compensation equipment Bend restrictor	Tension & motion compensation equipment Bend restrictor
Subsea electrical power distribution	Dynamic power cable	Topside cable termination unit	Topside cable termination unit
Surface well control equipment (for well intervention)	Dynamic pressure seal	Hydraulic circuit	Hydraulic circuit
Surface well control equipment (for well intervention)	Dynamic pressure seal	Sealing element	Sealing element
Subsea production control	Dynamic umbilical	Bend restrictor	Bend restrictor
Subsea production control	Dynamic umbilical	bilical-termination unit (TUTU)	bilical-termination unit (TUTU)
Subsea production control	Dynamic umbilical	Buoyancy device	Buoyancy device
Subsea production control	Dynamic umbilical	Fibre-optic line	Fibre-optic line
Subsea production control	Dynamic umbilical	Hydraulic/ chemical line	Hydraulic/ chemical line
Subsea production control	Dynamic umbilical	J/I-tube seal	J/I-tube seal
Subsea production control	Dynamic umbilical	LV power/ signal line	LV power/ signal line
Subsea production control	Dynamic umbilical	sation equilibrium	sation equilibrium
Subsea production control	Dynamic umbilical	Sheath/ armour	Sheath/ armour
Subsea production control	Dynamic umbilical	Stabilizer	Stabilizer
Subsea production control	Dynamic umbilical	Tension- and motion- compen-	Tension- and motion- compen-
Subsea production control	Dynamic umbilical	Topside um-	Topside um-
Electric generators	Electric generator	Cabling and junction boxes	Cabling and junction boxe
Electric generators	Electric generator	Radial bearing	Radial bearing
Electric generators	Electric generator	Rotor	Rotor
Electric generators	Electric generator	Stator	Stator
Electric generators	Electric generator	Thrust bearing Excitation	Thrust bearing Excitation
Subsea pumps a	Electric motor	Bearing, radial	Bearing, radial
Subsea pumps a	Electric motor	Bearing, thrust	Bearing, thrust
Subsea pumps a	Electric motor	Casing	Casing
Subsea pumps a	Electric motor	Connector	Connector
Subsea pumps a	Electric motor	Control unit	Control unit
Subsea pumps a	Electric motor	Impeller	Impeller
Subsea pumps a	Electric motor	Rotor	Rotor
Subsea pumps a	Electric motor	Seal	Seal
Subsea pumps a	Electric motor	Stator	Stator
Subsea pumps a	Electric motor	Subsea electrical penetrator	Subsea electrical penetrator
Subsea pumps a	Electric motor	Support 	Support
Subsea production control	Electric- power unit (topside)	Electric- power unit (topside)	Electric- power unit (topside)
Subsea production control	Electric- power unit (topside)	No breakdown	No breakdown
Electrical submersible pumps	ESP motor	Base	Base
Electrical submersible pumps	ESP motor	Coupling	Coupling
Electrical submersible pumps	ESP motor	Down hole sensor	Down hole sensor
Electrical submersible pumps	ESP motor	Filter	Filter
Electrical submersible pumps	ESP motor	Head	Head
Electrical submersible pumps	ESP motor	Housing	Housing
Electrical submersible pumps	ESP motor	Oil	Oil
Electrical submersible pumps	ESP motor	O-ring	O-ring
Electrical submersible pumps	ESP motor	Rotors	Rotor
Electrical submersible pumps	ESP motor	Rotor Bearing	Rotor Bearing
Electrical submersible pumps	ESP motor	Shaft	Shaft
Electrical submersible pumps	ESP motor	Stator	Stator
Electrical submersible pumps	ESP motor	Thrust bearing	Thrust bearing
Electrical submersible pumps	ESP motor	Varnish	Varnish
Electrical submersible pumps	ESP pump	Base	Base
Electrical submersible pumps	ESP pump	Coupling	Coupling
Electrical submersible pumps	ESP pump	Diffusers	Diffuser
Electrical submersible pumps	ESP pump	Head/Discharge	Head/Discharge
Electrical submersible pumps	ESP pump	Housing	Housing
Electrical submersible pumps	ESP pump	Impellers	Impeller
Electrical submersible pumps	ESP pump	O-rings	O-ring
Electrical submersible pumps	ESP pump	Screens	Screen
Electrical submersible pumps	ESP pump	Shaft	Shaft
Electrical submersible pumps	ESP pump	Shaft support bearings Snap rings	Shaft support bearings Snap ring
Electrical submersible pumps	ESP pump	Thrust washers	Thrust washer
Electrical submersible pumps	ESP pump intake	Base	Base
Electrical submersible pumps	ESP pump intake	Coupling	Coupling
Electrical submersible pumps	ESP pump intake	Diffusers	Diffuser
Electrical submersible pumps	ESP pump intake	Discharge ports/ screens Head	Discharge ports/ screens Head
Electrical submersible pumps	ESP pump intake	ESP pump intake a	ESP pump intake a
Electrical submersible pumps	ESP pump intake	Housing	Housing
Electrical submersible pumps	ESP pump intake	Impellers	Impeller
Electrical submersible pumps	ESP pump intake	Inducer section	Inducer section
Electrical submersible pumps	ESP pump intake	Intake pots/screens	Intake pots/screen
Electrical submersible pumps	ESP pump intake	O-rings	O-ring
Electrical submersible pumps	ESP pump intake	Radial bearings	Radial bearing
Electrical submersible pumps	ESP pump intake	Separation section/rotor	Separation section/rotor
Electrical submersible pumps	ESP pump intake	Shaft	Shaft
Electrical submersible pumps	ESP pump intake	Shaft support bearings Snaps rings	Shaft support bearings Snaps ring
Electrical submersible pumps	ESP pump intake	Thrust washers	Thrust washer
Electrical submersible pumps	ESP seal	Bag chamber	Bag chamber
Electrical submersible pumps	ESP seal	Base	Base
Electrical submersible pumps	ESP seal	Coupling	Coupling
Electrical submersible pumps	ESP seal	Head	Head
Electrical submersible pumps	ESP seal	Housing	Housing
Electrical submersible pumps	ESP seal	Labyrinth chamber	Labyrinth chamber
Electrical submersible pumps	ESP seal	Mechanical seals	Mechanical seal
Electrical submersible pumps	ESP seal	Oil	Oil
Electrical submersible pumps	ESP seal	O-ring	O-ring
Electrical submersible pumps	ESP seal	Relief valve	Relief valve
Electrical submersible pumps	ESP seal	Shaft	Shaft
Electrical submersible pumps	ESP seal	Thrust bearing	Thrust bearing
Gas turbines	Exhaust	Compensator/ bellows Ducting Emission monitoring Silencer	Compensator/ bellows Ducting Emission monitoring Silencer
Gas turbines	Exhaust	Diffuser Exhaust collector	Diffuser Exhaust collector
Gas turbines	Exhaust	Thrust bearing Valves	Thrust bearing Valve
Gas turbines	Exhaust	Waste heat recovery unit	Waste heat recovery unit
Storage tanks	External	Bottom drain	Bottom drain
Storage tanks	External	Centring and anti-rotation device c	Centring and anti-rotation device c
Storage tanks	External	Ladder c	Ladder c
Storage tanks	External	Platform	Platform
Storage tanks	External	Roof drain	Roof drain
Storage tanks	External	Seal	Seal
Storage tanks	External	Secondary containment d	Secondary containment d
Storage tanks	External	Stairway	Stairway
Storage tanks	External	Walkway	Walkway
Heaters and boilers	Externals	Body/shell	Body/shell
Heaters and boilers	Externals	Piping	Piping
Heaters and boilers	Externals	Support	Support
Heaters and boilers	Externals	Valves	Valve
Gas turbines	Fire and gas protection	Control unit	Control unit
Gas turbines	Fire and gas protection	Pipes	Pipe
Gas turbines	Fire and gas protection	Sensors	Sensor
Gas turbines	Fire and gas protection	Tank(s)/ Storage	Tank(s)/ Storage
Gas turbines	Fire and gas protection	Valves	Valve
Gas turbines	Fire and gas protection	Wires	Wire
Subsea blowout preventers (BOP)	Flexible joint	Anodes	Anode
Subsea blowout preventers (BOP)	Flexible joint	Bolting	Bolting
Subsea blowout preventers (BOP)	Flexible joint	Flanges	Flange
Subsea blowout preventers (BOP)	Flexible joint	Flexible element	Flexible element
Subsea blowout preventers (BOP)	Flexible joint	Flexible joint:	Flexible joint:
Subsea blowout preventers (BOP)	Flexible joint	Housing	Housing
Subsea blowout preventers (BOP)	Flexible joint	Wear ring	Wear ring
Subsea wellhead and X-mas trees	Flow control module	Chemical inj. coupling	Chemical inj. coupling
Subsea wellhead and X-mas trees	Flow control module	Connector	Connector
Subsea wellhead and X-mas trees	Flow control module	Flow loop	Flow loop
Subsea wellhead and X-mas trees	Flow control module	Frame	Frame
Subsea wellhead and X-mas trees	Flow control module	Hoses	Hose
Subsea wellhead and X-mas trees	Flow control module	Hydraulic connector	Hydraulic connector
Subsea wellhead and X-mas trees	Flow control module	Piping	Piping
Subsea wellhead and X-mas trees	Flow control module	Valve, check	Valve, check
Subsea wellhead and X-mas trees	Flow control module	Valve, choke	Valve, choke
Subsea wellhead and X-mas trees	Flow control module	Valve, control	Valve, control
Subsea wellhead and X-mas trees	Flowbase	Flowbase	Flowbase
Subsea wellhead and X-mas trees	Flowbase	Frame	Frame
Subsea wellhead and X-mas trees	Flowbase	Hub/mandrel c	Hub/mandrel c
Subsea wellhead and X-mas trees	Flowbase	Valve, check	Valve, check
Subsea wellhead and X-mas trees	Flowbase	Valve, process isolation	Valve, process isolation
Subsea wellhead and X-mas trees	Flowbase	Valve, utility isolation	Valve, utility isolation
Gas turbines	Fuel system	Filter	Filter
Gas turbines	Fuel system	Fuel control	Fuel control
Gas turbines	Fuel system	Fuel properties measurement	Fuel properties measurement
Gas turbines	Fuel system	Piping	Piping
Gas turbines	Fuel system	Pump/Gas compressor	Pump/Gas compressor
Gas turbines	Fuel system	Seals	Seal
Gas turbines	Fuel system	Separators	Separator
Gas turbines	Fuel system	Valves	Valve
Gas turbines	Fuel system	Wires	Wire
Top drives	Gear	Bearings	Bearing
Top drives	Gear	Coupling to driver	Coupling to driver
Top drives	Gear	Coupling to swivel	Coupling to swivel
Top drives	Gear	Gearwheels	Gearwheel
Top drives	Gear	Packing/ seals	Packing/ seal
Top drives	Gear	Pinions	Pinion
Risers	Heating system	Subsea part	Subsea part
Risers	Heating system	Topside part	Topside part
Subsea pipelines	Heating system	Subsea part	Subsea part
Subsea pipelines	Heating system	Topsides part	Topsides part
Subsea blowout preventers (BOP)	Hydraulic connectors	Body	Body
Subsea blowout preventers (BOP)	Hydraulic connectors	LMRP connectors and wellhead connectors:	LMRP connectors and wellhead connectors:
Subsea blowout preventers (BOP)	Hydraulic connectors	Locking mechanism	Locking mechanism
Subsea blowout preventers (BOP)	Hydraulic connectors	Main-bore seal ring	Main-bore seal ring
Subsea blowout preventers (BOP)	Hydraulic connectors	Piston	Piston
Subsea blowout preventers (BOP)	Hydraulic connectors	Seals	Seal
Subsea production control	Hydraulic- power unit (topside)	No breakdown	No breakdown
Downhole well completion	Insert	Chemical injection valve	Chemical injection valve
Downhole well completion	Insert	Dummy GLV	Dummy GLV
Downhole well completion	Insert	Gas lift valve	Gas lift valve
Downhole well completion	Insert	WR Bridge plug	WR Bridge plug
Downhole well completion	Insert	WR-SCSSV	WR-SCSSV
Fire and gas detectors	Interface unit	Cabinet	Cabinet
Fire and gas detectors	Interface unit	Control card	Control card
Fire and gas detectors	Interface unit	Display	Display
Heat exchangers	Internal	Body/shell	Body/shell
Heat exchangers	Internal	Plates	Plate
Heat exchangers	Internal	Seals (gaskets)	Seals (gaskets)
Heat exchangers	Internal	Tubes	Tube
Storage tanks	Internal	Cathodic protection	Cathodic protection
Storage tanks	Internal	Heaters a	Heaters a
Storage tanks	Internal	Nozzles	Nozzle
Storage tanks	Internal	Piping	Piping
Storage tanks	Internal	Swing line c	Swing line c
Pressure vessels	Internal items	Body/Shell	Body/Shell
Pressure vessels	Internal items	Coil	Coil
Pressure vessels	Internal items	Corrosion protection	Corrosion protection
Pressure vessels	Internal items	Cyclones b	Cyclones b
Pressure vessels	Internal items	Distributor	Distributor
Pressure vessels	Internal items	Heater	Heater
Pressure vessels	Internal items	Hydrocyclone liners b	Hydrocyclone liners b
Pressure vessels	Internal items	Plates, trays, vanes, pads Nozzle	Plates, trays, vanes, pads Nozzle
Pressure vessels	Internal items	Sand-trap system	Sand-trap system
Subsea pressure vessels	Internal items	Baffle plates	Baffle plate
Subsea pressure vessels	Internal items	Coalescer plates	Coalescer plate
Subsea pressure vessels	Internal items	Demister	Demister
Subsea pressure vessels	Internal items	Distributor	Distributor
Subsea pressure vessels	Internal items	Diverter	Diverter
Subsea pressure vessels	Internal items	Grid plate	Grid plate
Subsea pressure vessels	Internal items	Heat coil	Heat coil
Subsea pressure vessels	Internal items	Pads	Pad
Subsea pressure vessels	Internal items	Sand-trap system	Sand-trap system
Subsea pressure vessels	Internal items	Trays	Tray
Subsea pressure vessels	Internal items	Vanes	Vane
Heaters and boilers	Internals	Body/shell	Body/shell
Heaters and boilers	Internals	Burner	Burner
Heaters and boilers	Internals	Exhaust stack	Exhaust stack
Heaters and boilers	Internals	Firetube	Firetube
Heaters and boilers	Internals	Support	Support
Heaters and boilers	Internals	Tube coil	Tube coil
UPS	Inverter unit	Bypass switch	Bypass switch
UPS	Inverter unit	Cabling	Cabling
UPS	Inverter unit	Connection/ socket Fuse(s)	Connection/ socket Fuse(s)
UPS	Inverter unit	Instrument	Instrument
UPS	Inverter unit	Inverter	Inverter
UPS	Inverter unit	Inverter transformer	Inverter transformer
UPS	Inverter unit	Static switch	Static switch
Surface well control equipment (for well intervention)	Lateral isolation valve	Lateral isolation valve	Lateral isolation valve
Surface well control equipment (for well intervention)	Lateral isolation valve	Valve, process isolation	Valve, process isolation
Surface well control equipment (for well intervention)	Lateral isolation valve	Valve, utility isolation	Valve, utility isolation
Lifeboats	Launch/ Release	Davit control panel Hydraulic system g	Davit control panel Hydraulic system g
Lifeboats	Launch/ Release	Davit structure	Davit structure
Lifeboats	Launch/ Release	Davit winch HPU	Davit winch HPU
Lifeboats	Launch/ Release	Davit winch/gear/ motor	Davit winch/gear/ motor
Lifeboats	Launch/ Release	Davit wire	Davit wire
Lifeboats	Launch/ Release	Hang-off wires	Hang-off wire
Lifeboats	Launch/ Release	Launch/ Release a	Launch/ Release a
Lifeboats	Launch/ Release	Shackles	Shackle
Lifeboats	Launch/ Release	Skid arrangement	Skid arrangement
Control logic units	Logic solver	access 	access
Control logic units	Logic solver	Central processor unit (CPU)	Central processor unit (CPU)
Control logic units	Logic solver	memory (RAM)	memory (RAM)
Control logic units	Logic solver	Random 	Random
Control logic units	Logic solver	Watchdog/ diagnostic Software	Watchdog/ diagnostic Software
Top drives	Lubrication	Coolers	Cooler
Top drives	Lubrication	Filters	Filter
Top drives	Lubrication	Heaters	Heater
Top drives	Lubrication	Lube oil	Lube oil
Top drives	Lubrication	Oil tank	Oil tank
Top drives	Lubrication	Pump with motor Valves	Pump with motor Valve
Compressors	Lubrication  system	Check valves	Check valve
Compressors	Lubrication  system	Coolers	Cooler
Compressors	Lubrication  system	Filters	Filter
Compressors	Lubrication  system	heating system Pump	heating system Pump
Compressors	Lubrication  system	Lube oil	Lube oil
Compressors	Lubrication  system	Lubrication  system	Lubrication  system
Compressors	Lubrication  system	Motor	Motor
Compressors	Lubrication  system	Oil tank with 	Oil tank with
Compressors	Lubrication  system	Piping	Piping
Compressors	Lubrication  system	Valves	Valve
Boom system	Lubrication system	Slew bearing Slew ring	Slew bearing Slew ring
Boom system	Lubrication system	Slew motor	Slew motor
Boom system	Lubrication system	Slew pinion	Slew pinion
Combustion engines	Lubrication system	Cooler Valves	Cooler Valve
Combustion engines	Lubrication system	Filter	Filter
Combustion engines	Lubrication system	Lubrication system	Lubrication system
Combustion engines	Lubrication system	Motor	Motor
Combustion engines	Lubrication system	Oil	Oil
Combustion engines	Lubrication system	Piping	Piping
Combustion engines	Lubrication system	Pump	Pump
Combustion engines	Lubrication system	Reservoir	Reservoir
Combustion engines	Lubrication system	Temperature-control sensor	Temperature-control sensor
Electric generators	Lubrication system	Cooler Valves	Cooler Valve
Electric generators	Lubrication system	Filter	Filter
Electric generators	Lubrication system	Lubrication system	Lubrication system
Electric generators	Lubrication system	Motor	Motor
Electric generators	Lubrication system	Oil	Oil
Electric generators	Lubrication system	Piping	Piping
Electric generators	Lubrication system	Pump	Pump
Electric generators	Lubrication system	Reservoir	Reservoir
Electric motors	Lubrication system	Cooler Valves	Cooler Valve
Electric motors	Lubrication system	Filter	Filter
Electric motors	Lubrication system	Motor	Motor
Electric motors	Lubrication system	Oil	Oil
Electric motors	Lubrication system	Piping	Piping
Electric motors	Lubrication system	Pump	Pump
Electric motors	Lubrication system	Reservoir	Reservoir
Pumps	Lubrication system	Cooler Valves	Cooler Valve
Pumps	Lubrication system	Filter	Filter
Pumps	Lubrication system	Lubrication system	Lubrication system
Pumps	Lubrication system	Motor	Motor
Pumps	Lubrication system	Oil	Oil
Pumps	Lubrication system	Piping	Piping
Pumps	Lubrication system	Pump	Pump
Pumps	Lubrication system	Reservoir	Reservoir
Pumps	Lubrication system	Seals	Seal
Steam turbines	Lubrication system	Cooler	Cooler
Steam turbines	Lubrication system	Filter	Filter
Steam turbines	Lubrication system	Lubrication system	Lubrication system
Steam turbines	Lubrication system	Motor	Motor
Steam turbines	Lubrication system	Oil	Oil
Steam turbines	Lubrication system	Oil seal pump	Oil seal pump
Steam turbines	Lubrication system	Piping	Piping
Steam turbines	Lubrication system	Pump	Pump
Steam turbines	Lubrication system	Reservoir	Reservoir
Steam turbines	Lubrication system	Valves	Valve
Turbo expanders	Lubrication system	Cooler Valves	Cooler Valve
Turbo expanders	Lubrication system	Filter	Filter
Turbo expanders	Lubrication system	Motor	Motor
Turbo expanders	Lubrication system	Oil	Oil
Turbo expanders	Lubrication system	Piping	Piping
Turbo expanders	Lubrication system	Pump	Pump
Turbo expanders	Lubrication system	Reservoir	Reservoir
Subsea production control	Master control (topside)	No breakdown	No breakdown
Gas turbines	Miscel laneous	Enclosure	Enclosure
Gas turbines	Miscel laneous	Flange joints	Flange joint
Gas turbines	Miscel laneous	Hood	Hood
Gas turbines	Miscel laneous	Purge air	Purge air
Gas turbines	Miscel laneous	Ventilation fan	Ventilation fan
Gas turbines	Miscel laneous	Water-wash system	Water-wash system
Boom system	Miscellaneous	Control valves	Control valve
Boom system	Miscellaneous	Internal power supply Amplifiers	Internal power supply Amplifier
Boom system	Miscellaneous	Joysticks	Joystick
Boom system	Miscellaneous	Load indicator	Load indicator
Boom system	Miscellaneous	PC/PLS	PC/PL
Combustion engines	Miscellaneous	Flange joints	Flange joint
Combustion engines	Miscellaneous	Hood	Hood
Compressors	Miscellaneous	Base frame	Base frame
Compressors	Miscellaneous	Coolers	Cooler
Compressors	Miscellaneous	Isolation valves Check valves	Isolation valves Check valve
Compressors	Miscellaneous	Magnetic-bearing control system Flange joints	Magnetic-bearing control system Flange joint
Compressors	Miscellaneous	Piping, pipe support and bellows Control valves	Piping, pipe support and bellows Control valve
Compressors	Miscellaneous	Purge air	Purge air
Compressors	Miscellaneous	Silencers	Silencer
Control logic units	Miscellaneous	Galvanic barriers Others	Galvanic barriers Other
Electric generators	Miscellaneous	Hood	Hood
Electric generators	Miscellaneous	Neutral grounding resistors	Neutral grounding resistor
Electric generators	Miscellaneous	Purge air	Purge air
Electric motors	Miscellaneous	Hood	Hood
Fire and gas detectors	Miscellaneous	Others	Other
Frequency converters	Miscellaneous	Bypass contactor	Bypass contactor
Frequency converters	Miscellaneous	Enclosure fixtures and fittings	Enclosure fixtures and fitting
Frequency converters	Miscellaneous	Excitation circuits	Excitation circuit
Frequency converters	Miscellaneous	Heaters	Heater
Heat exchangers	Miscellaneous	Fan	Fan
Heat exchangers	Miscellaneous	Miscellaneous	Miscellaneou
Heat exchangers	Miscellaneous	Motor	Motor
Heaters and boilers	Miscellaneous	Draft fan/motor Others	Draft fan/motor Other
Input devices	Miscellaneous	Cabling	Cabling
Input devices	Miscellaneous	Others	Other
Input devices	Miscellaneous	Piping	Piping
Lifeboats	Miscellaneous	Battery charger	Battery charger
Lifeboats	Miscellaneous	Bilge pump	Bilge pump
Lifeboats	Miscellaneous	Communication systems	Communication system
Lifeboats	Miscellaneous	Deluge pump/ piping/nozzles Air cylinder	Deluge pump/ piping/nozzles Air cylinder
Lifeboats	Miscellaneous	Electrical system incl. lights and navigation	Electrical system incl. lights and navigation
Lifeboats	Miscellaneous	Emergency equipment i	Emergency equipment i
Nozzles	Miscellaneous	Others	Other
Piping	Miscellaneous	Miscellaneous	Miscellaneou
Piping	Miscellaneous	Others	Other
Piping	Miscellaneous	Pipe support	Pipe support
Power transformers	Miscellaneous	(NGRs)	(NGRs)
Power transformers	Miscellaneous	Bushing insulators	Bushing insulator
Power transformers	Miscellaneous	Connectors	Connector
Power transformers	Miscellaneous	Dampers	Damper
Power transformers	Miscellaneous	Grounding	Grounding
Power transformers	Miscellaneous	Junction box	Junction box
Power transformers	Miscellaneous	Neutral grounding resistors 	Neutral grounding resistors
Power transformers	Miscellaneous	Penetrator b	Penetrator b
Power transformers	Miscellaneous	Silica-gel device	Silica-gel device
Power transformers	Miscellaneous	Terminal blocks	Terminal block
Power transformers	Miscellaneous	Wiring	Wiring
Pressure vessels	Miscellaneous	Miscellaneous	Miscellaneou
Pressure vessels	Miscellaneous	Others	Other
Pumps	Miscellaneous	Cooling/heating system	Cooling/heating system
Pumps	Miscellaneous	Cyclone separator	Cyclone separator
Pumps	Miscellaneous	Flange joints	Flange joint
Pumps	Miscellaneous	Pulsation damper	Pulsation damper
Pumps	Miscellaneous	Purge air	Purge air
Steam turbines	Miscellaneous	Cranking system Hood	Cranking system Hood
Storage tanks	Miscellaneous	Fire-fighting system	Fire-fighting system
Storage tanks	Miscellaneous	Lightning protection system	Lightning protection system
Storage tanks	Miscellaneous	Mixers	Mixer
Storage tanks	Miscellaneous	Others	Other
Subsea pressure vessels	Miscellaneous	Miscellaneous	Miscellaneou
Subsea pressure vessels	Miscellaneous	Others	Other
Subsea pumps a	Miscellaneous	Connector	Connector
Subsea pumps a	Miscellaneous	Cooling/heating Piping	Cooling/heating Piping
Subsea pumps a	Miscellaneous	Pulsation damper	Pulsation damper
Subsea pumps a	Miscellaneous	Purge system	Purge system
Switchgear	Miscellaneous	Cooling	Cooling
Switchgear	Miscellaneous	Enclosure f (cabinet)	Enclosure f (cabinet)
Switchgear	Miscellaneous	Interface cabinet	Interface cabinet
Swivels	Miscellaneous	Common items	Common item
Swivels	Miscellaneous	Tensioners	Tensioner
Top drives	Miscellaneous	Counter-balance compensator/ read-saver system	Counter-balance compensator/ read-saver system
Top drives	Miscellaneous	Guide dolly frame	Guide dolly frame
Top drives	Miscellaneous	Internal blowout preventers (kelly valves)	Internal blowout preventers (kelly valves)
Turbo expanders	Miscellaneous	Others	Other
UPS	Miscellaneous	Cabinet	Cabinet
UPS	Miscellaneous	Cooling fans	Cooling fan
UPS	Miscellaneous	Insulation	Insulation
UPS	Miscellaneous	Others	Other
Winches	Miscellaneous	Hood	Hood
Winches	Miscellaneous	Miscellaneous	Miscellaneou
Winches	Miscellaneous	Others	Other
Power transformers	Monitoring system	Bucholz relay	Bucholz relay
Power transformers	Monitoring system	Current transformers	Current transformer
Power transformers	Monitoring system	Level indicator	Level indicator
Power transformers	Monitoring system	Pressure relay	Pressure relay
Power transformers	Monitoring system	Relief valve	Relief valve
Power transformers	Monitoring system	Thermometer	Thermometer
Turrets	Mooring	Anchor	Anchor
Turrets	Mooring	Buoy a	Buoy a
Turrets	Mooring	Chain	Chain
Turrets	Mooring	Connection to structure	Connection to structure
Turrets	Mooring	Synthetic rope	Synthetic rope
Turrets	Mooring	Winch	Winch
Turrets	Mooring	Wire	Wire
Nozzles	Mounting assembly	Mounting connector	Mounting connector
Nozzles	Mounting assembly	Seals	Seal
Subsea pipelines	Onshore Isolation Station (OIS)	Onshore Isolation Station	Onshore Isolation Station
Subsea pipelines	Onshore Isolation Station (OIS)	Pig station	Pig station
Subsea pipelines	Onshore Isolation Station (OIS)	Structure - protective	Structure - protective
Subsea pipelines	Onshore Isolation Station (OIS)	Structure - support	Structure - support
Subsea pipelines	Onshore Isolation Station (OIS)	Valve f, process isolation	Valve f, process isolation
Subsea pipelines	Onshore Isolation Station (OIS)	Valve, check	Valve, check
Subsea pipelines	Onshore Isolation Station (OIS)	Valve, control	Valve, control
Subsea pipelines	Onshore Isolation Station (OIS)	Valve, utility isolation	Valve, utility isolation
Frequency converters	Output stage	Inverter	Inverter
Frequency converters	Output stage	Output filters	Output filter
Frequency converters	Output stage	Power cell	Power cell
Top drives	Pipe- handler assembly	actuators	actuator
Top drives	Pipe- handler assembly	incl. tilt 	incl. tilt
Top drives	Pipe- handler assembly	Link hanger 	Link hanger
Top drives	Pipe- handler assembly	Pipe- handler assembly	Pipe- handler assembly
Top drives	Pipe- handler assembly	Pipe-handler position motor	Pipe-handler position motor
Top drives	Pipe- handler assembly	Swivel coupling	Swivel coupling
Top drives	Pipe- handler assembly	Torque wrench	Torque wrench
Control logic units	Power supply	No subdivision	No subdivision
Winches	Power transmission	Bearing	Bearing
Winches	Power transmission	Coupling	Coupling
Winches	Power transmission	Gear	Gear
Winches	Power transmission	Shaft	Shaft
Gas turbines	Power turbine HP turbine	Casing	Casing
Gas turbines	Power turbine HP turbine	Piping	Piping
Gas turbines	Power turbine HP turbine	Radial bearing	Radial bearing
Gas turbines	Power turbine HP turbine	Rotor	Rotor
Gas turbines	Power turbine HP turbine	Seals	Seal
Gas turbines	Power turbine HP turbine	Stator	Stator
Gas turbines	Power turbine HP turbine	Thrust bearing	Thrust bearing
Gas turbines	Power turbine HP turbine	Valves	Valve
Subsea blowout preventers (BOP)	Primary control	Accumulators	Accumulator
Subsea blowout preventers (BOP)	Primary control	Battery backup (UPS) Push button	Battery backup (UPS) Push button
Subsea blowout preventers (BOP)	Primary control	Check valves	Check valve
Subsea blowout preventers (BOP)	Primary control	Control panels	Control panel
Subsea blowout preventers (BOP)	Primary control	Control Pod	Control Pod
Subsea blowout preventers (BOP)	Primary control	Control Pod	Control Pod
Subsea blowout preventers (BOP)	Primary control	Electrical power supply	Electrical power supply
Subsea blowout preventers (BOP)	Primary control	El-equipment/SEM	El-equipment/SEM
Subsea blowout preventers (BOP)	Primary control	Hydraulic bundles	Hydraulic bundle
Subsea blowout preventers (BOP)	Primary control	Hydraulic control fluid	Hydraulic control fluid
Subsea blowout preventers (BOP)	Primary control	Hydraulic power unit	Hydraulic power unit
Subsea blowout preventers (BOP)	Primary control	Instrumentation (e.g. 	Instrumentation (e.g.
Subsea blowout preventers (BOP)	Primary control	Instrumentation (e.g. flow/pressure sensors)	Instrumentation (e.g. flow/pressure sensors)
Subsea blowout preventers (BOP)	Primary control	Multiplex cables	Multiplex cable
Subsea blowout preventers (BOP)	Primary control	Other valves	Other valve
Subsea blowout preventers (BOP)	Primary control	Pilot valves	Pilot valve
Subsea blowout preventers (BOP)	Primary control	Piping/Hoses	Piping/Hose
Subsea blowout preventers (BOP)	Primary control	Pod reels	Pod reel
Subsea blowout preventers (BOP)	Primary control	Pod selector valve	Pod selector valve
Subsea blowout preventers (BOP)	Primary control	Power supply	Power supply
Subsea blowout preventers (BOP)	Primary control	Pressure regulator valves	Pressure regulator valve
Subsea blowout preventers (BOP)	Primary control	pressure sensor, readout)	pressure sensor, readout)
Subsea blowout preventers (BOP)	Primary control	Primary control	Primary control
Subsea blowout preventers (BOP)	Primary control	Rigid hydraulic supply line	Rigid hydraulic supply line
Subsea blowout preventers (BOP)	Primary control	Seals	Seal
Subsea blowout preventers (BOP)	Primary control	Shuttle valves	Shuttle valve
Subsea blowout preventers (BOP)	Primary control	Solenoid valves	Solenoid valve
Subsea blowout preventers (BOP)	Primary control	Subsea:	Subsea:
Subsea blowout preventers (BOP)	Primary control	Surface control unit	Surface control unit
Subsea blowout preventers (BOP)	Primary control	Surface:	Surface:
Surface blowout preventers (BOP)	Primary control	Battery backup (UPS)	Battery backup (UPS)
Surface blowout preventers (BOP)	Primary control	Check valves	Check valve
Surface blowout preventers (BOP)	Primary control	Control panels	Control panel
Surface blowout preventers (BOP)	Primary control	Control Pod	Control Pod
Surface blowout preventers (BOP)	Primary control	Electrical power supply	Electrical power supply
Surface blowout preventers (BOP)	Primary control	El-equipment/SEM	El-equipment/SEM
Surface blowout preventers (BOP)	Primary control	Hydraulic bundles (pilot lines and main supply) Multiplex cables	Hydraulic bundles (pilot lines and main supply) Multiplex cable
Surface blowout preventers (BOP)	Primary control	Hydraulic control fluid	Hydraulic control fluid
Surface blowout preventers (BOP)	Primary control	Hydraulic supply line	Hydraulic supply line
Surface blowout preventers (BOP)	Primary control	Instrumentation (e.g. flow/ pressure sensors)	Instrumentation (e.g. flow/ pressure sensors)
Surface blowout preventers (BOP)	Primary control	Instrumentation (e.g. pressure sensor, readout) Hydraulic power unit	Instrumentation (e.g. pressure sensor, readout) Hydraulic power unit
Surface blowout preventers (BOP)	Primary control	Other valves	Other valve
Surface blowout preventers (BOP)	Primary control	Pilot valves	Pilot valve
Surface blowout preventers (BOP)	Primary control	Piping/Hoses	Piping/Hose
Surface blowout preventers (BOP)	Primary control	Power supply	Power supply
Surface blowout preventers (BOP)	Primary control	Pressure regulator valves	Pressure regulator valve
Surface blowout preventers (BOP)	Primary control	Push button	Push button
Surface blowout preventers (BOP)	Primary control	Seals	Seal
Surface blowout preventers (BOP)	Primary control	Solenoid valves	Solenoid valve
Surface blowout preventers (BOP)	Primary control	Surface control unit	Surface control unit
Surface blowout preventers (BOP)	Primary control	Surface controls:	Surface controls:
Lifeboats	Propulsion	Engine Gear box/ transmission Propeller shaft	Engine Gear box/ transmission Propeller shaft
Lifeboats	Propulsion	Propeller	Propeller
Lifeboats	Propulsion	Steering nozzle	Steering nozzle
Lifeboats	Propulsion	Steering system	Steering system
Lifeboats	Propulsion	Waterjet	Waterjet
Subsea production control	Propulsion	Subsea production control	Subsea production control
Risers	Protection	Anode	Anode
Risers	Protection	Coating – external	Coating – external
Risers	Protection	Protection	Protection
Pumps	Pump unit	Casing	Casing
Pumps	Pump unit	Cylinder liner	Cylinder liner
Pumps	Pump unit	Diaphragm	Diaphragm
Pumps	Pump unit	Impeller	Impeller
Pumps	Pump unit	Piping	Piping
Pumps	Pump unit	Piston	Piston
Pumps	Pump unit	Radial bearing	Radial bearing
Pumps	Pump unit	Seals	Seal
Pumps	Pump unit	Shaft	Shaft
Pumps	Pump unit	Support	Support
Pumps	Pump unit	Thrust bearing	Thrust bearing
Pumps	Pump unit	Valves	Valve
UPS	Rectifier unit/ DC supply	Cabling	Cabling
UPS	Rectifier unit/ DC supply	Contactor feeder a	Contactor feeder a
UPS	Rectifier unit/ DC supply	Fuse(s)	Fuse(s)
UPS	Rectifier unit/ DC supply	Fused switch	Fused switch
UPS	Rectifier unit/ DC supply	Instrument	Instrument
UPS	Rectifier unit/ DC supply	Rectifier	Rectifier
UPS	Rectifier unit/ DC supply	Rectifier transformer	Rectifier transformer
UPS	Rectifier unit/ DC supply	Rectifier unit/ DC supply	Rectifier unit/ DC supply
Steam turbines	Regulating system	Filter	Filter
Steam turbines	Regulating system	Pump	Pump
Turrets	Riser and umbilical termination	Bend-restrictor lock Hang-off	Bend-restrictor lock Hang-off
Turrets	Riser and umbilical termination	Riser and umbilical termination	Riser and umbilical termination
Risers	Riser base	Gas lift	Gas lift
Risers	Riser base	Structure	Structure
Risers	Riser base	Valve, process isolation	Valve, process isolation
Risers	Riser base	Valve, utility isolation	Valve, utility isolation
Top drives	Rotary swivel	Axial, radial and thrust bearing	Axial, radial and thrust bearing
Top drives	Rotary swivel	Gooseneck	Gooseneck
Top drives	Rotary swivel	Packing/ seals	Packing/ seal
Top drives	Rotary swivel	Swivel housing	Swivel housing
Top drives	Rotary swivel	Swivel stem	Swivel stem
Subsea production control	Sensors	Combined pressure and temperature Pressure	Combined pressure and temperature Pressure
Subsea production control	Sensors	Flow	Flow
Subsea production control	Sensors	Leak	Leak
Subsea production control	Sensors	Level	Level
Subsea production control	Sensors	Position	Position
Subsea production control	Sensors	Sand	Sand
Subsea production control	Sensors	Temperature	Temperature
Subsea production control	Sensors	Vibration	Vibration
Boom system	Shaft seal  system	Diesel engine	Diesel engine
Boom system	Shaft seal  system	Electric engine	Electric engine
Boom system	Shaft seal  system	Hydraulic filters	Hydraulic filter
Boom system	Shaft seal  system	Hydraulic oil	Hydraulic oil
Boom system	Shaft seal  system	Hydraulic pumps	Hydraulic pump
Boom system	Shaft seal  system	Hydraulic tank	Hydraulic tank
Boom system	Shaft seal  system	Proportional valves	Proportional valve
Compressors	Shaft seal  system	Dry gas seal	Dry gas seal
Compressors	Shaft seal  system	Filters	Filter
Compressors	Shaft seal  system	Gear	Gear
Compressors	Shaft seal  system	Mechanical seal	Mechanical seal
Compressors	Shaft seal  system	Motor	Motor
Compressors	Shaft seal  system	Oil tank with heating Reservoir	Oil tank with heating Reservoir
Compressors	Shaft seal  system	Pump	Pump
Compressors	Shaft seal  system	Scrubber	Scrubber
Compressors	Shaft seal  system	Seal oil	Seal oil
Compressors	Shaft seal  system	Valves	Valve
Turbo expanders	Shaft seal  system	Seal gas	Seal ga
Turbo expanders	Shaft seal  system	Seal-gas equipment	Seal-gas equipment
Turbo expanders	Shaft seal  system	tem	tem
Subsea electrical power distribution	Static power cable b	Bend restrictor	Bend restrictor
Subsea electrical power distribution	Static power cable b	Factory joint	Factory joint
Subsea electrical power distribution	Static power cable b	Fibre-optic line	Fibre-optic line
Subsea electrical power distribution	Static power cable b	HV power line	HV power line
Subsea electrical power distribution	Static power cable b	Midline joint	Midline joint
Subsea electrical power distribution	Static power cable b	Offshore joint	Offshore joint
Subsea electrical power distribution	Static power cable b	Onshore cable termination unit	Onshore cable termination unit
Subsea electrical power distribution	Static power cable b	Sheath/armour	Sheath/armour
Subsea electrical power distribution	Static power cable b	Subsea cable termination unit	Subsea cable termination unit
Subsea electrical power distribution	Static power cable b	Topside cable termination unit h	Topside cable termination unit h
Subsea production control	Static umbilical	Bend restrictor	Bend restrictor
Subsea production control	Static umbilical	Fibre-optic line	Fibre-optic line
Subsea production control	Static umbilical	Hydraulic/ chemical line	Hydraulic/ chemical line
Subsea production control	Static umbilical	LV power/ signal line	LV power/ signal line
Subsea production control	Static umbilical	Sheath/ armour	Sheath/ armour
Subsea production control	Static umbilical	Subsea h umbilical-termination unit (SUTU)	Subsea h umbilical-termination unit (SUTU)
Subsea production control	Static umbilical	Topside umbilical-termination unit (TUTU)	Topside umbilical-termination unit (TUTU)
Subsea production control	Subsea control module	(DCV)	(DCV)
Subsea production control	Subsea control module	Accumulator subsea	Accumulator subsea
Subsea production control	Subsea control module	Chemical inj. coupling	Chemical inj. coupling
Subsea production control	Subsea control module	Control Valve 	Control Valve
Subsea production control	Subsea control module	Directional 	Directional
Subsea production control	Subsea control module	Fibre-optic connector d Filter	Fibre-optic connector d Filter
Subsea production control	Subsea control module	Hydraulic coupling	Hydraulic coupling
Subsea production control	Subsea control module	IWIS	IWI
Subsea production control	Subsea control module	LV power/ signal connector	LV power/ signal connector
Subsea production control	Subsea control module	Module base plate	Module base plate
Subsea production control	Subsea control module	Subsea electronic module	Subsea electronic module
Subsea production control	Subsea distr. Module	Accumulator subsea	Accumulator subsea
Subsea production control	Subsea distr. Module	Chemical inj. coupling	Chemical inj. coupling
Subsea production control	Subsea distr. Module	Fibre-optic connector d	Fibre-optic connector d
Subsea production control	Subsea distr. Module	Fibre-optic jumper i	Fibre-optic jumper i
Subsea production control	Subsea distr. Module	Hose	Hose
Subsea production control	Subsea distr. Module	Hydraulic coupling Piping	Hydraulic coupling Piping
Subsea production control	Subsea distr. Module	Hydraulic/ chemical line	Hydraulic/ chemical line
Subsea production control	Subsea distr. Module	jumper	jumper
Subsea production control	Subsea distr. Module	LV power/ signal 	LV power/ signal
Subsea production control	Subsea distr. Module	LV power/ signal connector	LV power/ signal connector
Subsea production control	Subsea distr. Module	Subsea bypass panel	Subsea bypass panel
Subsea production control	Subsea distr. Module	Subsea cabling IWIS	Subsea cabling IWI
Subsea pipelines	Subsea Isolation Station (SIS)	Pig station	Pig station
Subsea pipelines	Subsea Isolation Station (SIS)	Structure - protective	Structure - protective
Subsea pipelines	Subsea Isolation Station (SIS)	Structure - support	Structure - support
Subsea pipelines	Subsea Isolation Station (SIS)	Valve, check	Valve, check
Subsea pipelines	Subsea Isolation Station (SIS)	Valve, control	Valve, control
Subsea pipelines	Subsea Isolation Station (SIS)	Valve, process isolation	Valve, process isolation
Subsea pipelines	Subsea Isolation Station (SIS)	Valve, utility isolation	Valve, utility isolation
Subsea electrical power distribution	Subsea power distribution equipment	Control and monitoring m	Control and monitoring m
Subsea electrical power distribution	Subsea power distribution equipment	Subsea frequency converter d Subsea power jumper	Subsea frequency converter d Subsea power jumper
Subsea electrical power distribution	Subsea power distribution equipment	Subsea penetrator f	Subsea penetrator f
Subsea electrical power distribution	Subsea power distribution equipment	Subsea power connector n	Subsea power connector n
Subsea electrical power distribution	Subsea power distribution equipment	Subsea power distribution equipment	Subsea power distribution equipment
Subsea electrical power distribution	Subsea power distribution equipment	Subsea power transformer g	Subsea power transformer g
Subsea electrical power distribution	Subsea power distribution equipment	Subsea switchgear e	Subsea switchgear e
Subsea electrical power distribution	Subsea power distribution equipment	Subsea UPS	Subsea UP
Risers	Subsea X-mas tree	Risers	Riser
Subsea wellhead and X-mas trees	Subsea X-mas tree	Chemical inj. coupling	Chemical inj. coupling
Subsea wellhead and X-mas trees	Subsea X-mas tree	Connector	Connector
Subsea wellhead and X-mas trees	Subsea X-mas tree	Debris cap	Debris cap
Subsea wellhead and X-mas trees	Subsea X-mas tree	Flowspool	Flowspool
Subsea wellhead and X-mas trees	Subsea X-mas tree	High pressure cap	High pressure cap
Subsea wellhead and X-mas trees	Subsea X-mas tree	Hoses	Hose
Subsea wellhead and X-mas trees	Subsea X-mas tree	Internal isolation cap	Internal isolation cap
Subsea wellhead and X-mas trees	Subsea X-mas tree	Internal tree-cap plug	Internal tree-cap plug
Subsea wellhead and X-mas trees	Subsea X-mas tree	Internal tree-cap valve	Internal tree-cap valve
Subsea wellhead and X-mas trees	Subsea X-mas tree	Piping	Piping
Subsea wellhead and X-mas trees	Subsea X-mas tree	Tree cap	Tree cap
Subsea wellhead and X-mas trees	Subsea X-mas tree	Tree-guide frame	Tree-guide frame
Subsea wellhead and X-mas trees	Subsea X-mas tree	Valve, check	Valve, check
Subsea wellhead and X-mas trees	Subsea X-mas tree	Valve, choke	Valve, choke
Subsea wellhead and X-mas trees	Subsea X-mas tree	Valve, control	Valve, control
Subsea wellhead and X-mas trees	Subsea X-mas tree	Valve, other	Valve, other
Subsea wellhead and X-mas trees	Subsea X-mas tree	Valve, process isolation	Valve, process isolation
Subsea wellhead and X-mas trees	Subsea X-mas tree	Valve, utility isolation	Valve, utility isolation
Subsea wellhead and X-mas trees	Subsea X-mas tree	Valve, workover	Valve, workover
Control logic units	System bus	No subdivision	No subdivision
Subsea wellhead and X-mas trees	Tubing hanger	Chemical inj. coupling	Chemical inj. coupling
Subsea wellhead and X-mas trees	Tubing hanger	Hydraulic coupling	Hydraulic coupling
Subsea wellhead and X-mas trees	Tubing hanger	LV/power signal connector	LV/power signal connector
Subsea wellhead and X-mas trees	Tubing hanger	Tubing-hanger body	Tubing-hanger body
Subsea wellhead and X-mas trees	Tubing hanger	Tubing-hanger isolation plug	Tubing-hanger isolation plug
Surface wellhead and X-mas trees	Tubing hanger	(termination in control line block)	(termination in control line block)
Surface wellhead and X-mas trees	Tubing hanger	Back pressure valve	Back pressure valve
Surface wellhead and X-mas trees	Tubing hanger	Chemical injection coupling	Chemical injection coupling
Surface wellhead and X-mas trees	Tubing hanger	El. fiber (termination in control line block)	El. fiber (termination in control line block)
Surface wellhead and X-mas trees	Tubing hanger	Hydraulic coupling	Hydraulic coupling
Surface wellhead and X-mas trees	Tubing hanger	Power/signal coupler	Power/signal coupler
Surface wellhead and X-mas trees	Tubing hanger	Tubing hanger seals	Tubing hanger seal
Surface wellhead and X-mas trees	Tubing hanger	Tubing head spool	Tubing head spool
Surface wellhead and X-mas trees	Tubing hanger	Tubing-hanger body	Tubing-hanger body
Surface wellhead and X-mas trees	Tubing hanger	Tubing-hanger isolation plug	Tubing-hanger isolation plug
Turrets	Utility systems	Ballast system	Ballast system
Turrets	Utility systems	Bilge system	Bilge system
Turrets	Utility systems	Lock buoy/ship system a Power system	Lock buoy/ship system a Power system
Turrets	Utility systems	Pull-in a	Pull-in a
Turrets	Utility systems	Ventilation	Ventilation
Piping	Valve	Accessories	Accessorie
Piping	Valve	Actuator	Actuator
Piping	Valve	Bonnet	Bonnet
Piping	Valve	Valve body	Valve body
Piping	Valve	Valve seals	Valve seal
Subsea wellhead and X-mas trees	Vertical connection module (VCM)	Control system compensation Swivel	Control system compensation Swivel
Subsea wellhead and X-mas trees	Vertical connection module (VCM)	Funnel guide	Funnel guide
Subsea wellhead and X-mas trees	Vertical connection module (VCM)	ROV panel	ROV panel
Subsea wellhead and X-mas trees	Vertical connection module (VCM)	ROV-panel override system	ROV-panel override system
Subsea wellhead and X-mas trees	Vertical connection module (VCM)	Valve and actuator	Valve and actuator
Subsea wellhead and X-mas trees	Vertical connection module (VCM)	VCM connector	VCM connector
Gas turbines	Water/Steam injection 	Filter	Filter
Gas turbines	Water/Steam injection 	Piping	Piping
Gas turbines	Water/Steam injection 	Pump	Pump
Gas turbines	Water/Steam injection 	Seals	Seal
Gas turbines	Water/Steam injection 	Valves	Valve
Gas turbines	Water/Steam injection 	Wires	Wire
Surface well control equipment (for well intervention)	Well Intervention BOP	Ram assembly	Ram assembly
Surface well control equipment (for well intervention)	Well Intervention BOP	Sealing element	Sealing element
Surface well control equipment (for well intervention)	Well Intervention BOP	Shearing element	Shearing element
Surface wellhead and X-mas trees	X-mas tree	Tree caps	Tree cap
Surface wellhead and X-mas trees	X-mas tree	Tree loops/flowlines	Tree loops/flowline
Surface wellhead and X-mas trees	X-mas tree	Tree/wellhead connector	Tree/wellhead connector
Surface wellhead and X-mas trees	X-mas tree	Valve, check	Valve, check
Surface wellhead and X-mas trees	X-mas tree	Valve, choke	Valve, choke
Surface wellhead and X-mas trees	X-mas tree	Valve, other	Valve, other
Surface wellhead and X-mas trees	X-mas tree	Valve, process isolation	Valve, process isolation
Surface wellhead and X-mas trees	X-mas tree	Valve, utility isolation 	Valve, utility isolation
Surface wellhead and X-mas trees	X-mas tree	X-mas tree/flowline connection (interface point)	X-mas tree/flowline connection (interface point)
