"CFIHOS unique id","name","definition","note / comment","example","format","change request number","status","created date","modified date","terminated date"
"CFIHOS-10000001","area code","A code that uniquely identifies the area within the plant",,,"Text, max 10 characters","FR3","STANDARD","2021-10-06T16:45:08.844Z","2021-10-06T16:45:08.844Z",
"CFIHOS-10000002","area name","A name describing the location of an area within the plant",,,"Text, max 100 characters","FR3","STANDARD","2021-10-06T16:45:08.844Z","2021-10-06T16:45:08.844Z",
"CFIHOS-10000003","site code","A code that uniquely identifies the site",,"Example : KAS","Text, max 40 characters","FR3","STANDARD","2021-10-06T16:45:08.844Z","2021-10-06T16:45:08.844Z",
"CFIHOS-10000004","site name","A unique name to identify a geographical location",,"Example : Kashagan field","Text, max 100 characters","FR3","STANDARD","2021-10-06T16:45:08.844Z","2021-10-06T16:45:08.844Z",
"CFIHOS-10000005","plant code","A code that uniquely identifies the plant",,"Example : 6000","Text, max 40 characters","FR3","STANDARD","2021-10-06T16:45:08.844Z","2021-10-06T16:45:08.844Z",
"CFIHOS-10000006","plant name","The full name of the plant",,"Example : Onshore Processing Facility (OPF)","Text, max 100 characters","FR3","STANDARD","2021-10-06T16:45:08.844Z","2021-10-06T16:45:08.844Z",
"CFIHOS-10000008","process unit name","A name describing the function of the process unit",,,"Text, max 100 characters","FR3","STANDARD","2021-10-06T16:45:08.844Z","2021-10-06T16:45:08.844Z",
"CFIHOS-10000009","commissioning unit code","A code that uniquely identifies the commissioning unit within a plant",,,"Text, max 10 characters","FR3","STANDARD","2021-10-06T16:45:08.844Z","2021-10-06T16:45:08.844Z",
"CFIHOS-10000010","commissioning unit name","The name by which the commission unit is usually designated",,,"Text, max 100 characters","FR3","STANDARD","2021-10-06T16:45:08.844Z","2021-10-06T16:45:08.844Z",
"CFIHOS-10000013","maintenance unit code","A code that uniquely identifies the maintenance unit at a plant",,,"Text, max 10 characters","FR3","STANDARD","2021-10-06T16:45:08.844Z","2021-10-06T16:45:08.844Z",
"CFIHOS-10000014","maintenance unit name","The name by which the maintenance unit is usually designated",,,"Text, max 100 characters","FR3","STANDARD","2021-10-06T16:45:08.844Z","2021-10-06T16:45:08.844Z",
"CFIHOS-10000015","maintenance system code","A code that uniquely identifies the maintenance system within a maintenance unit",,,"Text, max 10 characters","FR3","STANDARD","2021-10-06T16:45:08.844Z","2021-10-06T16:45:08.844Z",
"CFIHOS-10000016","maintenance system name","The name by which the maintenance system is usually designated",,,"Text, max 100 characters","FR3","STANDARD","2021-10-06T16:45:08.844Z","2021-10-06T16:45:08.844Z",
"CFIHOS-10000017","maintenance system actual startup date","The date at which the maintenance system has been started for the first time (on a continuous basis)","This information is used by the maintenance discipline to develop maintenance plans, and particularly to determine when the first maintenance activities will have to happen.",,"Date","FR3","STANDARD","2021-10-06T16:45:08.844Z","2021-10-06T16:45:08.844Z",
"CFIHOS-10000018","corrosion loop code","A code that uniquely identifies the corrosion loop at a plant",,"Example : CL1101","Text, max 40 characters","FR3","STANDARD","2021-10-06T16:45:08.844Z","2021-10-06T16:45:08.844Z",
"CFIHOS-10000019","corrosion loop name","The name by which the corrosion loop is usually designated",,"Example : Absorber circuit","Text, max 255 characters","FR3","STANDARD","2021-10-06T16:45:08.844Z","2021-10-06T16:45:08.844Z",
"CFIHOS-10000020","corrosion loop description","A description of what the corrosion loop is",,"Example : V301 separator vessel below demister. Condensate liquid outlet piping to BL.","Text, max 255 characters","FR3","STANDARD","2021-10-06T16:45:08.844Z","2021-10-06T16:45:08.844Z",
"CFIHOS-10000021","corrosion loop process description","A description of the process performed by the elements of the corrosion loop",,"Example : V301 separates the 15 barg gas stream into dry saturated gas and condensate containing hydrocarbons, free sour water (CO2 and H2S) and inhibitor.","Text, max 255 characters","FR3","STANDARD","2021-10-06T16:45:08.844Z","2021-10-06T16:45:08.844Z",
"CFIHOS-10000022","corrosion type description","A description of the expected effects of the corrosion",,"Example : Vessel is made of 15mm PWHT carbon steel including 3mm corrosion allowance.Normal operation Wet CO2 corrosion.Special operating conditions Un-inhibited the corrosion rate is 1.1mm/yr. Inhibiter injection should be monitored and alarmed.","Text, max 255 characters","FR3","STANDARD","2021-10-06T16:45:08.844Z","2021-10-06T16:45:08.844Z",
"CFIHOS-10000023","corrosion loop type code","The type of corrosion loop that classifies this corrosion loop",,,"Text, max 10 characters","FR3","STANDARD","2021-10-06T16:45:08.844Z","2021-10-06T16:45:08.844Z",
"CFIHOS-10000024","corrosion loop type name","The name by which the corrosion loop type is usually designated",,,"Text, max 100 characters","FR3","STANDARD","2021-10-06T16:45:08.844Z","2021-10-06T16:45:08.844Z",
"CFIHOS-10000025","tag status","An identification of the engineering phase in which the tag is",,"Example : ASB","Text, max 40 characters","FR3","STANDARD","2021-10-06T16:45:08.844Z","2021-10-06T16:45:08.844Z",
"CFIHOS-10000026","tag requisition number","A requisition number that has been placed to acquire the tag",,"Example : 1234567","Text, max 50 characters","FR3","STANDARD","2021-10-06T16:45:08.844Z","2021-10-06T16:45:08.844Z",
"CFIHOS-10000027","production critical item indicator","An indication whether the loss of the functionality provided by the tag would have an immediate cost impact, like a loss of production",,"Example : Yes","Boolean (Yes/No)","FR3","STANDARD","2021-10-06T16:45:08.844Z","2021-10-06T16:45:08.844Z",
"CFIHOS-10000028","safety critical item indicator","An indication whether the tag should be considered as a safety critical element, as per International Standards","Safety Critical Elementa (SCEs) are those elements of risk barriers, including equipment, hardware, and related control systems, for which :- the failure of which could lead to a major accident or event, or - that mitigate the consequences of a major accident or event. The basis for the selection of SCEs is the assessment of Major Accidents identified in each Asset HSE Case or those documents that support the Case.","Example : Yes","Boolean (Yes/No)","FR3","STANDARD","2021-10-06T16:45:08.844Z","2021-10-06T16:45:08.844Z",
"CFIHOS-10000029","safety critical item group code","A code, as per SDE standards, that uniquely identifies the safety item group",,"Example DS001","Text, max 40 characters","FR3","STANDARD","2021-10-06T16:45:08.844Z","2021-10-06T16:45:08.844Z",
"CFIHOS-10000030","safety critical item reason awarded","A documentation of the outcome of the SCE assessment","This is only required if safety critical item indicator =Yes.  It is populated according to International Standard.","Example : from safety case","Text, max 30 characters","FR3","STANDARD","2021-10-06T16:45:08.844Z","2021-10-06T16:45:08.844Z",
"CFIHOS-10000031","equipment code","A code used to identify uniquely the equipment.","The number is sometimes generated by the company maintenance management system. Different companies use different naming conventions for their equipment code, like e.g. Equip_<plant_code>_<tag_name>, where plant_code/tag_name represent where the equipment is installed.","Example :31000465212","Text, max 40 characters","FR3","STANDARD","2021-10-06T16:45:08.844Z","2021-10-06T16:45:08.844Z",
"CFIHOS-10000032","equipment actual purchase date","The date at which the equipment was actually purchased",,"Example : 05-02-2007","Date","FR3","STANDARD","2021-10-06T16:45:08.844Z","2021-10-06T16:45:08.844Z",
"CFIHOS-10000033","equipment actual startup date","The date at which the equipment was actually started up",,"Example 4/4/2008","Date","FR3","STANDARD","2021-10-06T16:45:08.844Z","2021-10-06T16:45:08.844Z",
"CFIHOS-10000035","equipment warranty end date","The date at which the warrant on the equipment will end","This date is usually supplied by the manufacturer.","Example : 5/2/2010","Date","FR3","STANDARD","2021-10-06T16:45:08.844Z","2021-10-06T16:45:08.844Z",
"CFIHOS-10000036","manufacturer indicator","An indicator whether the company is a manufacturer or not",,"Example : Yes","Boolean (Yes/No)","FR3","STANDARD","2021-10-06T16:45:08.844Z","2021-10-06T16:45:08.844Z",
"CFIHOS-10000037","supplier indicator","An indicator whether the company is a supplier or not",,"Example : Yes","Boolean (Yes/No)","FR3","STANDARD","2021-10-06T16:45:08.844Z","2021-10-06T16:45:08.844Z",
"CFIHOS-10000038","company contact person","The name of the person to contact in the company",,"Example : Mr K. Uchida","Text, max 40 characters","FR3","STANDARD","2021-10-06T16:45:08.844Z","2021-10-06T16:45:08.844Z",
"CFIHOS-10000039","company contact person function","A description of the role of the contact person within the organization of the company.",,"Example : Project Manager","Text, max 40 characters","FR3","STANDARD","2021-10-06T16:45:08.844Z","2021-10-06T16:45:08.844Z",
"CFIHOS-10000040","tag class name","The full name of the tag or equipment class",,"Example : control panel","Text, max 100 characters","FR3","STANDARD","2021-10-06T16:45:08.844Z","2021-10-06T16:45:08.844Z",
"CFIHOS-10000042","abstract class indicator","An indication whether the tag or equipment class is an aggregation of other tag or equipment classes and should not be used for associating properties",,"Example : No","Boolean (Yes/No)","FR3","STANDARD","2021-10-06T16:45:08.844Z","2021-10-06T16:45:08.844Z",
"CFIHOS-10000045","equipment expected to be installed indicator","An indication whether equipment are expected to be installed for tags that are associated with this tag class","This is redundant with the tag class and equipment class relationship : the absence of that relationship would mean no equipment is expected to be installed.NO would be used when soft tags, civil tags (e.g. roads), ...","Example : YES","Boolean (Yes/No)","FR3","STANDARD","2021-10-06T16:45:08.844Z","2021-10-06T16:45:08.844Z",
"CFIHOS-10000047","equipment class name","The full name of the tag or equipment class",,"Example : control panel","Text, max 100 characters","FR3","STANDARD","2021-10-06T16:45:08.844Z","2021-10-06T16:45:08.844Z",
"CFIHOS-10000053","source standard code","A code used to designate the standard used to define requirements like engineering, operations, etc",,"Example : ISO 13533","Text, max 40 characters","FR3","STANDARD","2021-10-06T16:45:08.844Z","2021-10-06T16:45:08.844Z",
"CFIHOS-10000055","spare part information required indicator","An indication whether spare part information is required for equipment related to this class or not",,"Example : No","Boolean (Yes/No)","FR3","STANDARD","2021-10-06T16:45:08.844Z","2021-10-06T16:45:08.844Z",
"CFIHOS-10000056","property name","A name that uniquely identifies the property",,"Example : normal operating pressure","Text, max 100 characters","FR3","STANDARD","2021-10-06T16:45:08.844Z","2021-10-06T16:45:08.844Z",
"CFIHOS-10000057","property existence reason description","The reason why the property has been added in CFIHOS",,,"Text, max 255 characters","FR3","STANDARD","2021-10-06T16:45:08.844Z","2021-10-06T16:45:08.844Z",
"CFIHOS-10000059","property picklist name","The name by which the pick list is designated",,"Example : air cooler type","Text, max 100 characters","FR3","STANDARD","2021-10-06T16:45:08.844Z","2021-10-06T16:45:08.844Z",
"CFIHOS-10000060","property picklist value code","A code that uniquely identifies an entry in a pick list",,"Example : Liquid","Text, max 100 characters","FR3","STANDARD","2021-10-06T16:45:08.844Z","2021-10-06T16:45:08.844Z",
"CFIHOS-10000064","document review type code","A code that uniquely identifies a document review type",,"Example : not specified","Text, max 40 characters","FR3","STANDARD","2021-10-06T16:45:08.844Z","2021-10-06T16:45:08.844Z",
"CFIHOS-10000065","forecast review date","The latest forecast date at which the document is expected to be issued for review","The first issuance of the Document_Master will be the baseline plan.","Example : 01-01-2010","Date","FR3","STANDARD","2021-10-06T16:45:08.844Z","2021-10-06T16:45:08.844Z",
"CFIHOS-10000066","actual review date","The date on which the document revision  was actually reviewed",,"Example : 03-01-2011","Date","FR3","STANDARD","2021-10-06T16:45:08.844Z","2021-10-06T16:45:08.844Z",
"CFIHOS-10000067","forecast approval date","The latest forecast date at which the document is expected to be issued for approval","The first issuance of the Document_Master will be the baseline plan.","Example : 01-02-2010","Date","FR3","STANDARD","2021-10-06T16:45:08.844Z","2021-10-06T16:45:08.844Z",
"CFIHOS-10000068","actual approval date","The date at which the document revision has been issued for approval",,"Example : 04-03-2011","Date","FR3","STANDARD","2021-10-06T16:45:08.844Z","2021-10-06T16:45:08.844Z",
"CFIHOS-10000069","forecast approved for design date","The latest forecast date at which the document is expected to be issued approved for design","The first issuance of the Document_Master will be the baseline plan.","Example : 04-06-2011","Date","FR3","STANDARD","2021-10-06T16:45:08.844Z","2021-10-06T16:45:08.844Z",
"CFIHOS-10000070","actual approved for design date","The date at which the document revision has been issued approved for design",,"Example 07-06-2011","Date","FR3","STANDARD","2021-10-06T16:45:08.844Z","2021-10-06T16:45:08.844Z",
"CFIHOS-10000071","forecast approved for construction date","The latest forecast date at which the document is expected to be issued approved for construction","The first issuance of the Document_Master will be the baseline plan.","Example : 01-09-2010","Date","FR3","STANDARD","2021-10-06T16:45:08.844Z","2021-10-06T16:45:08.844Z",
"CFIHOS-10000072","actual approved for construction date","The date at which the document revision has been issued approved for construction",,"Example : 03-03-2011","Date","FR3","STANDARD","2021-10-06T16:45:08.844Z","2021-10-06T16:45:08.844Z",
"CFIHOS-10000073","forecast as built date","The latest forecast date at which the document is expected to be issued as-built","The first issuance of the Document_Master will be the baseline plan.","Example : 01-12-2010","Date","FR3","STANDARD","2021-10-06T16:45:08.844Z","2021-10-06T16:45:08.844Z",
"CFIHOS-10000074","actual as built date","The date at which the document revision has been issued as-built",,"Example : 05-05-2011","Date","FR3","STANDARD","2021-10-06T16:45:08.844Z","2021-10-06T16:45:08.844Z",
"CFIHOS-10000075","discipline name","The name by which the discipline is designated",,"Example : Piping","Text, max 50 characters","FR3","STANDARD","2021-10-06T16:45:08.844Z","2021-10-06T16:45:08.844Z",
"CFIHOS-10000076","document revision date","The date the document was revised",,"Example : 01-01-2006","Date","FR3","STANDARD","2021-10-06T16:45:08.844Z","2021-10-06T16:45:08.844Z",
"CFIHOS-10000077","originator company","The name of the company who has generated the document revision",,"Example : Engineering and co Ltd","Text, max 30 characters","FR3","STANDARD","2021-10-06T16:45:08.844Z","2021-10-06T16:45:08.844Z",
"CFIHOS-10000078","document revision author","The name of the person who created the document revision","This should be an individual name, not a role, i.e. Initials and last name, not just initials","Example : Joh,n Stephen","Text, max 70 characters","FR3","STANDARD","2021-10-06T16:45:08.844Z","2021-10-06T16:45:08.844Z",
"CFIHOS-10000079","document revision approver","The name (or the User ID) of the person who has approved the document revision",,"Example : Marc Brown","Text, max 50 characters","FR3","STANDARD","2021-10-06T16:45:08.844Z","2021-10-06T16:45:08.844Z",
"CFIHOS-10000080","document revision file name","The name of the electronic file (including the file extension) with the full path","The file name shall consist of the document number, Document revision and a sequence number followed by the file extension.When this attribute is populated the attribute physical storage location shall be left empty.","Example : P-36-03-D-8120-01-D-01.pdf","Text, max 255 characters","FR3","STANDARD","2021-10-06T16:45:08.844Z","2021-10-06T16:45:08.844Z",
"CFIHOS-10000081","originator document revision code","A code used to identify the content of a document at a certain point in time according to the  originator which doesn't necessarily conform to the Owner/Operator's document revision coding scheme","One potential use is to allow Owner/Operator to identify duplicate documents provided by multiple subcontractors but from the same OEM.","Example : 00013","Text, max 5 characters","FR3","STANDARD","2021-10-06T16:45:08.844Z","2021-10-06T16:45:08.844Z",
"CFIHOS-10000082","originator file name","The name of the file as provided by the manufacturer","Remark: One potential use is to allow Owner/Operator to identify duplicate documents provided by multiple subcontractors but from the same OEM. This document shall not contain any project specific cover page, but only the manufacturer cover page.","Example : P-36-03-D-8120-01-D-01.pdf","Text, max 255 characters","FR3","STANDARD","2021-10-06T16:45:08.844Z","2021-10-06T16:45:08.844Z",
"CFIHOS-10000083","document status code","A code that uniquely identifies the status of document revisions","A document is classified by a single state, which changes as the document advances through this lifecycle.","Example : as built","Text, max 40 characters","FR3","STANDARD","2021-10-06T16:45:08.844Z","2021-10-06T16:45:08.844Z",
"CFIHOS-10000084","project name","A unique name used to identify the project",,"Example : Floating LNG","Text, max 50 characters","FR3","STANDARD","2021-10-06T16:45:08.844Z","2021-10-06T16:45:08.844Z",
"CFIHOS-10000085","document revision comment","Any additional comment / explanation for a document revision",,"Example : Does not include package A-1001","Text, max 255 characters","FR3","STANDARD","2021-10-06T16:45:08.844Z","2021-10-06T16:45:08.844Z",
"CFIHOS-10000086","export control classification code","A code that uniquely identifies an export control classification",,"Example : Controlled Content","Text, max 40 characters","FR3","STANDARD","2021-10-06T16:45:08.844Z","2021-10-06T16:45:08.844Z",
"CFIHOS-10000087","transmittal number","The transmittal through which this document revision was communicated",,"Example : FFDF-2007-0071-TE-SH-KW-01149","Text, max 100 characters","FR3","STANDARD","2021-10-06T16:45:08.844Z","2021-10-06T16:45:08.844Z",
"CFIHOS-10000091","document revision recipient","The full name of the recipient of the document. revision",,,"Text, max 70 characters","FR3","STANDARD","2021-10-06T16:45:08.844Z","2021-10-06T16:45:08.844Z",
"CFIHOS-10000093","document revision physical storage location","The location of a media when not stored as an electronic file",,"When this field is populated the attribute file name shall be left empty,Example : Box1523","Text, max 40 characters","FR3","STANDARD","2021-10-06T16:45:08.844Z","2021-10-06T16:45:08.844Z",
"CFIHOS-10000094","storage media code","A code that uniquely identifies the storage media",,"Example : DVD","Text, max 40 characters","FR3","STANDARD","2021-10-06T16:45:08.844Z","2021-10-06T16:45:08.844Z",
"CFIHOS-10000096","project stage code","A code that uniquely identifies the stage of projects",,,"Text, max 40 characters","FR3","STANDARD","2021-10-06T16:45:08.844Z","2021-10-06T16:45:08.844Z",
"CFIHOS-10000099","tag number format","An expression that represents the format of the tags belonging to the tag class","This allows companies to have specific tag formats","Example : ####-P-####[A-Z]","Text, max 33 characters","FR3","STANDARD","2021-10-06T16:45:08.844Z","2021-10-06T16:45:08.844Z",
"CFIHOS-10000100","document type short code","A code that uniquely identifies a document type",,"Example : 6067","Text, max 4 characters","FR3","STANDARD","2021-10-06T16:45:08.844Z","2021-10-06T16:45:08.844Z",
"CFIHOS-10000101","asset type code","A code that uniquely identifies the type of asset",,"Example : Tag","Text, max 40 characters","FR3","STANDARD","2021-10-06T16:45:08.844Z","2021-10-06T16:45:08.844Z",
"CFIHOS-10000102","required for conceptual design","An indication whether the document type is required during the CONCEPTUAL DESIGN phase (Select)",,"Example : Yes","Boolean (Yes/No)","FR3;FR27","TERMINATED","2021-10-06T16:45:08.844Z","2021-10-06T16:45:08.844Z","2021-10-06T16:45:08.844Z"
"CFIHOS-10000103","required for project specification","An indication whether the document type is required during the project SPECIFICATION phase (Define)",,"Example : Yes","Boolean (Yes/No)","FR3;FR27","TERMINATED","2021-10-06T16:45:08.844Z","2021-10-06T16:45:08.844Z","2021-10-06T16:45:08.844Z"
"CFIHOS-10000104","required for detailed design","An indication whether the document type is required during the DETAILED DESIGN phase (Execute)",,"Example : No","Boolean (Yes/No)","FR3;FR27","TERMINATED","2021-10-06T16:45:08.844Z","2021-10-06T16:45:08.844Z","2021-10-06T16:45:08.844Z"
"CFIHOS-10000105","required handover status","The required status of the document at handover time",,"Example : AFC","Text, max 40 characters","FR3;FR27","TERMINATED","2021-10-06T16:45:08.844Z","2021-10-06T16:45:08.844Z","2021-10-06T16:45:08.844Z"
"CFIHOS-10000106","required for commissioning","An indication whether the document type is required during the COMMISSIONING phase",,"Example : No","Boolean (Yes/No)","FR3;FR27","TERMINATED","2021-10-06T16:45:08.844Z","2021-10-06T16:45:08.844Z","2021-10-06T16:45:08.844Z"
"CFIHOS-10000108","required for startup","An indication whether the document type is required during STARTUP phase",,"Example : Yes","Boolean (Yes/No)","FR3;FR27","TERMINATED","2021-10-06T16:45:08.844Z","2021-10-06T16:45:08.844Z","2021-10-06T16:45:08.844Z"
"CFIHOS-10000110","required for offshore","An indication whether this Document Type is required for Off- Shore facilities",,"Example : Yes","Boolean (Yes/No)","FR3;FR27","TERMINATED","2021-10-06T16:45:08.844Z","2021-10-06T16:45:08.844Z","2021-10-06T16:45:08.844Z"
"CFIHOS-10000111","required for onshore","An indication whether this Document Type is required for On- Shore facilities",,"Example : No","Boolean (Yes/No)","FR3;FR27","TERMINATED","2021-10-06T16:45:08.844Z","2021-10-06T16:45:08.844Z","2021-10-06T16:45:08.844Z"
"CFIHOS-10000112","documentation representation type code","A code that uniquely identifies the document representation type",,"Example : TX","Text, max 40 characters","FR27","STANDARD","2021-10-06T16:45:08.844Z","2021-10-06T16:45:08.844Z",
"CFIHOS-10000115","during project transmittal format","The electronic format of the document in transmittals, during the project",,"Example : AutoCAD","Text, max 40 characters","FR3;FR27","TERMINATED","2021-10-06T16:45:08.844Z","2021-10-06T16:45:08.844Z","2021-10-06T16:45:08.844Z"
"CFIHOS-10000118","after project electronic transmittal format","The electronic format of the document in transmittals, after the project",,"Example : AutoCAD","Text, max 40 characters","FR3;FR27","TERMINATED","2021-10-06T16:45:08.844Z","2021-10-06T16:45:08.844Z","2021-10-06T16:45:08.844Z"
"CFIHOS-10000122","discipline document type comment","A comment about this discipline and document type",,"Example : 21stApril09 update DEP references","Text, max 255 characters","FR3","STANDARD","2021-10-06T16:45:08.844Z","2021-10-06T16:45:08.844Z",
"CFIHOS-10000123","hardcopy document required","An indicator which specifies if documents classified with this document type require a paper hardcopy. during project and/or after project",,"Example : Yes","Boolean (Yes/No)","FR3","STANDARD","2021-10-06T16:45:08.844Z","2021-10-14T09:43:33.891Z",
"CFIHOS-10000124","translated document required","An indicator which specifies if documents classified with this document type have to be translated in another language. during project and/or after project.",,"Example : Yes","Boolean (Yes/No)","FR3","STANDARD","2021-10-06T16:45:08.844Z","2021-10-14T09:43:55.855Z",
"CFIHOS-10000126","file title","A description in a short and concise manner of the content of the additional file","This is not meant to repeat the document title. The FILE_TITLE shall be unique within a particular document revision. Refer to the chapter Set of Files for more information.","Example : PEFS Crude Oil Booster Pumps (Native)","Text, max 255 characters","FR3","STANDARD","2021-10-06T16:45:08.844Z","2021-10-06T16:45:08.844Z",
"CFIHOS-10000127","file name","The unique name of the electronic file (including its extension)",,"Example : T-10000001_001_001.dwg","Text, max 255 characters","FR3","STANDARD","2021-10-06T16:45:08.844Z","2021-10-06T16:45:08.844Z",
"CFIHOS-10000128","purchase order number","The purchase order number that contains all specifications for the tag","This information is captured to ensure that the original design for a Tag (usually copied into the purchase order) can be found back, in case of lost of Tag design information (e.g. data-sheet).","Example : 00058","Text, max 50 characters","FR3","STANDARD","2021-10-06T16:45:08.844Z","2021-10-06T16:45:08.844Z",
"CFIHOS-10000129","number of media","The number of media provided with the transmittal",,"Example : 1","Integer","FR3","STANDARD","2021-10-06T16:45:08.844Z","2021-10-06T16:45:08.844Z",
"CFIHOS-10000130","construction assembly code","A code that uniquely identifies the construction assembly at a plant",,,"Text, max 10 characters","FR3","STANDARD","2021-10-06T16:45:08.844Z","2021-10-06T16:45:08.844Z",
"CFIHOS-10000131","construction assembly name","A name describing the purpose of a construction assembly",,,"Text, max 100 characters","FR3","STANDARD","2021-10-06T16:45:08.844Z","2021-10-06T16:45:08.844Z",
"CFIHOS-10000135","property definition","A definition of what the property represents",,"Example : The pressure at which a functional or physical object is expected to operate normally.","Text, max 255 characters","FR3","STANDARD","2021-10-06T16:45:08.844Z","2021-10-06T16:45:08.844Z",
"CFIHOS-10000136","purchase order date","The date the purchase order is issued",,"Example : 1/1/2010","Date","FR3","STANDARD","2021-10-06T16:45:08.844Z","2021-10-06T16:45:08.844Z",
"CFIHOS-10000142","reason for issue code","A code that uniquely identifies the reason for issue",,"Example : void","Text, max 40 characters","FR3","STANDARD","2021-10-06T16:45:08.844Z","2021-10-06T16:45:08.844Z",
"CFIHOS-10000144","transmittal send date","The date of sending the transmittal",,"Example : 01-04-2010","Date","FR3","STANDARD","2021-10-06T16:45:08.844Z","2021-10-06T16:45:08.844Z",
"CFIHOS-10000146","CFIHOS unique code","A unique identifier, assigned in the CFIHOS Reference Data Library (RDL) to the tag or equipment class","CFIHOS unique code are unique across all types of objects in CFIHOS RDLThe initial set of values will be the CFIHOS unique ids that were assigned to tagclasses","Example : CFIHOS-30000562","Text, max 40 characters","FR3","STANDARD","2021-10-06T16:45:08.844Z","2021-10-06T16:45:08.844Z",
"CFIHOS-10000147","ISO language code","The language that should be used by default for all exchange of information related to that plant",,"Example : EN","Text, max 2 characters","FR3","STANDARD","2021-10-06T16:45:08.844Z","2021-10-06T16:45:08.844Z",
"CFIHOS-10000148","document type name","The name by which the document type is designated",,"Example : acceptance test procedure","Text, max 100 characters","FR3","STANDARD","2021-10-06T16:45:08.844Z","2021-10-06T16:45:08.844Z",
"CFIHOS-10000149","company address line 1","The first line of the address of the company",,"Example ; 6, Water side Business Park Eastways","Text, max 40 characters","FR3","STANDARD","2021-10-06T16:45:08.844Z","2021-10-06T16:45:08.844Z",
"CFIHOS-10000150","company name","A name used to uniquely identify the company","It is sometimes extracted from maintenance management system.The owner / operator and the EPC company need to align on the name of companies.","Example : Flowserve","Text, max 30 characters","FR3","STANDARD","2021-10-06T16:45:08.844Z","2021-10-06T16:45:08.844Z",
"CFIHOS-10000151","ISO country code","The country where the company address is located",,"Examples  : US, FR, GB","Text, max 2 characters","FR3","STANDARD","2021-10-06T16:45:08.844Z","2021-10-06T16:45:08.844Z",
"CFIHOS-10000152","property picklist value description","A description of what the entry in the pick list represents",,"Example : Liquid refrigerant","Text, max 1026 characters","FR3","STANDARD","2021-10-06T16:45:08.844Z","2021-10-14T09:44:12.880Z",
"CFIHOS-10000153","discipline code","A code that  uniquely identifies a discipline",,"Example : MP","Text, max 2 characters","FR3","STANDARD","2021-10-06T16:45:08.844Z","2021-10-06T16:45:08.844Z",
"CFIHOS-10000154","document number","The unique identifier for the Document according to the Owner/Operator Document numbering scheme",,"Example : KC01-71-990-KW-T-YP-0002-000","Text, max 40 characters","FR3","STANDARD","2021-10-06T16:45:08.844Z","2021-10-06T16:45:08.844Z",
"CFIHOS-10000155","company email address","The official email address of the company",,"Example : projectjapanmachinery.com","Text, max 255 characters","FR3","STANDARD","2021-10-06T16:45:08.844Z","2021-10-06T16:45:08.844Z",
"CFIHOS-10000156","company fax number","The official fax number of the company",,"Example : +7 095 230 62 44","Text, max 20 characters","FR3","STANDARD","2021-10-06T16:45:08.844Z","2021-10-06T16:45:08.844Z",
"CFIHOS-10000157","process unit code","A code that uniquely identifies the process unit within the plant",,,"Text, max 40 characters","FR3","STANDARD","2021-10-06T16:45:08.844Z","2021-10-06T16:45:08.844Z",
"CFIHOS-10000158","manufacturer company name","A name used to uniquely identify the company who manufactures the model / part",,"Example : Flowserve","Text, max 30 characters","FR3","STANDARD","2021-10-06T16:45:08.844Z","2021-10-06T16:45:08.844Z",
"CFIHOS-10000159","model part name","A unique name to identify the model part of the manufacturer","If the manufacturer creates a new generation of an existing model that affects the properties of it, and if the manufacturer does not change its model part name, then it should be suffixed here with the model date, to enable the capture of the new properties of the new model generation.","Example : A4 V726 PN 40","Text, max 100 characters","FR3","STANDARD","2021-10-06T16:45:08.844Z","2021-10-06T16:45:08.844Z",
"CFIHOS-10000160","originator document number","The unique identifier for the Document according to the originator document numbering scheme","One potential use is to allow Owner/Operator to identify duplicate documents provided by multiple subcontractors but from the same OEM.","Example : ECO-001-0045-978","Text, max 40 characters","FR3","STANDARD","2021-10-06T16:45:08.844Z","2021-10-06T16:45:08.844Z",
"CFIHOS-10000161","project code","The code that identifies the project the document revision refers to",,"Example : FPSO B23","Text, max 10 characters","FR3","STANDARD","2021-10-06T16:45:08.844Z","2021-10-06T16:45:08.844Z",
"CFIHOS-10000162","document revision code","A code used to identify the content of a document at a certain point in time","It is used to track the evolution of a document during its lifecycle and is applied at time of release from Originator to reflect the document is frozen.","1","Text, max 5 characters","FR3","STANDARD","2021-10-06T16:45:08.844Z","2021-10-06T16:45:08.844Z",
"CFIHOS-10000163","equipment manufacturer serial number","A unique identification number for the equipment as prescribed by the manufacturer","If the equipment is a custom item designed specifically for this project, the contractor shall likewise assign a unique serial number. During the project this field may not be provided as the equipment is not received.","Example : AFKD34562837","Text, max 50 characters","FR3","STANDARD","2021-10-06T16:45:08.844Z","2021-10-06T16:45:08.844Z",
"CFIHOS-10000164","vendor company name","The name of the company supplying (vendor) the equipment",,"Example : Valves and co Ltd","Text, max 30 characters","FR3","STANDARD","2021-10-06T16:45:08.844Z","2021-10-06T16:45:08.844Z",
"CFIHOS-10000165","purchase order receiver company name","The name of the company that receives the purchase order",,"Example : Flowserve","Text, max 30 characters","FR3","STANDARD","2021-10-06T16:45:08.844Z","2021-10-06T16:45:08.844Z",
"CFIHOS-10000166","tag name","The full name of a tag","Different companies have different tag naming conventions. A tag name shall be unique within a plant.","Example : 600-036FV001","Text, max 33 characters","FR3","STANDARD","2021-10-06T16:45:08.844Z","2021-10-06T16:45:08.844Z",
"CFIHOS-10000167","company telephone number","The official telephone number of the company",,"Example : +44 (0)1932 249866","Text, max 20 characters","FR3","STANDARD","2021-10-06T16:45:08.844Z","2021-10-06T16:45:08.844Z",
"CFIHOS-10000168","document title","A description, in a short and concise manner, of the content of the document","The title of the document usually appears on the front page of the document or in title block.","Example : Laydown Area & Pipe Rack North / South","Text, max 255 characters","FR3","STANDARD","2021-10-06T16:45:08.844Z","2021-10-06T16:45:08.844Z",
"CFIHOS-10000169","equipment actual installation date","The date at which the equipment was actually installed",,"Example : 5/12/2007","Date","FR3","STANDARD","2021-10-06T16:45:08.844Z","2021-10-06T16:45:08.844Z",
"CFIHOS-10000170","equipment price","The price of the equipment for accounting, excluding freight, shipping and insurance costs","When provided the price must be qualified by a currency","Example :1500","Decimal (10)","FR3","STANDARD","2021-10-06T16:45:08.844Z","2021-10-06T16:45:08.844Z",
"CFIHOS-10000171","data type code","An indication what are the type of values a data element can take",,"Example : Text","Text, max 40 characters","FR3","STANDARD","2021-10-06T16:45:08.844Z","2021-10-06T16:45:08.844Z",
"CFIHOS-10000173","SI unit of measure code","The SI (metric) unit of measure recommended for the property of this tag or equipment class",,"Example : SEC","Text, max 3 characters","FR3","STANDARD","2021-10-06T16:45:08.844Z","2021-10-06T16:45:08.844Z",
"CFIHOS-10000174","imperial unit of measure code","The Imperial unit of measure recommended for the property of this tag or equipment class",,"Example : SEC","Text, max 3 characters","FR3","STANDARD","2021-10-06T16:45:08.844Z","2021-10-06T16:45:08.844Z",
"CFIHOS-10000175","parent construction assembly code","A code that uniquely identifies the parent of a construction assembly at a plant",,,"Text, max 10 characters","FR3","STANDARD","2021-10-06T16:45:08.844Z","2021-10-06T16:45:08.844Z",
"CFIHOS-10000176","parent commissioning unit code","A code that uniquely identifies the parent of the commission unit at the plant",,,"Text, max 10 characters","FR3","STANDARD","2021-10-06T16:45:08.844Z","2021-10-06T16:45:08.844Z",
"CFIHOS-10000177","tag description","A functional description of the tag","The description can also include the parent tag, where required.  It should not include tag class, manufacturer and model information.","Good Examples : - Hot Oil Circulation Pump that clearly describes the function of the pump (the equipment assigned can be centrifugal or reciprocating pump).  - V 431 Separator Relief Valve that clearly describes the function of the valve, with ad","Text, max 255 characters","FR3","STANDARD","2021-10-06T16:45:08.844Z","2021-10-06T16:45:08.844Z",
"CFIHOS-10000178","parent tag name","An identification of the parentage of the tag","The parent tag (also called main tag) can be a package, an instrument loop or an electrical circuit.","Example : 600-036F001","Text, max 33 characters","FR3","STANDARD","2021-10-06T16:45:08.844Z","2021-10-06T16:45:08.844Z",
"CFIHOS-10000179","designed by company name","The company responsible for the design of the tag",,"Example : KWAC","Text, max 30 characters","FR3","STANDARD","2021-10-06T16:45:08.844Z","2021-10-06T16:45:08.844Z",
"CFIHOS-10000180","purchase order issuer company name","The name of the company issuing the purchase order for the acquisition of the tag",,"Example : Engineering and co Ltd","Text, max 30 characters","FR3","STANDARD","2021-10-06T16:45:08.844Z","2021-10-06T16:45:08.844Z",
"CFIHOS-10000181","from plant code","The plant the process unit is part of, and to which the originating tag belongs",,"Example : 6000","Text, max 40 characters","FR3","STANDARD","2021-10-06T16:45:08.844Z","2021-10-06T16:45:08.844Z",
"CFIHOS-10000182","from tag name","The full name of a tag",,"Example : 600-036FV001","Text, max 33 characters","FR3","STANDARD","2021-10-06T16:45:08.844Z","2021-10-06T16:45:08.844Z",
"CFIHOS-10000183","to plant code","The plant the process unit is part of, and to which the ending tag belongs",,"Example : 6000","Text, max 40 characters","FR3","STANDARD","2021-10-06T16:45:08.844Z","2021-10-06T16:45:08.844Z",
"CFIHOS-10000184","to tag name","The full name of a tag",,"Example : 600-036FV001","Text, max 33 characters","FR3","STANDARD","2021-10-06T16:45:08.844Z","2021-10-06T16:45:08.844Z",
"CFIHOS-10000185","company address line 2","The second line of the address of the company",,"Example : New Braunfels","Text, max 40 characters","FR3","STANDARD","2021-10-06T16:45:08.844Z","2021-10-06T16:45:08.844Z",
"CFIHOS-10000186","company address line 3","The third line of the address of the company",,"Example : Tokyo 105-0004","Text, max 40 characters","FR3","STANDARD","2021-10-06T16:45:08.844Z","2021-10-06T16:45:08.844Z",
"CFIHOS-10000187","purchase order description","A description of what is being purchased",,,"Text, max 50 characters","FR3","STANDARD","2021-10-06T16:45:08.844Z","2021-10-06T16:45:08.844Z",
"CFIHOS-10000188","ISO country name","The name assigned by ISO to the country, in its 3166-1 standard",,"Examples : United States, France, United Kingdom","Text, max 100 characters","FR3","STANDARD","2021-10-06T16:45:08.844Z","2021-10-06T16:45:08.844Z",
"CFIHOS-10000189","engineering status code","A code that uniquely identifies an engineering phase or status",,"Example : as built","Text, max 40 characters","FR3","STANDARD","2021-10-06T16:45:08.844Z","2021-10-06T16:45:08.844Z",
"CFIHOS-10000190","engineering status description","The description of what the engineering status or phase represents",,"Example : As Built","Text, max 100 characters","FR3","STANDARD","2021-10-06T16:45:08.844Z","2021-10-06T16:45:08.844Z",
"CFIHOS-10000191","safety critical item group description","A description of what the safety critical item group represents",,,"Text, max 100 characters","FR3","STANDARD","2021-10-06T16:45:08.844Z","2021-10-06T16:45:08.844Z",
"CFIHOS-10000192","model part description","A description of the main function of the model part",,"Example : Control valve (Fieldbus)","Text, max 255 characters","FR3","STANDARD","2021-10-06T16:45:08.844Z","2021-10-06T16:45:08.844Z",
"CFIHOS-10000193","ISO currency code","The currency in which the price of the equipment is labelled.",,"Examples : USD, EUR","Text, max 3 characters","FR3","STANDARD","2021-10-06T16:45:08.844Z","2021-10-14T09:44:37.351Z",
"CFIHOS-10000194","ISO currency name","The name that is assigned to the ISO currency",,"Examples : US Dollar, Euro","Text, max 50 characters","FR3","STANDARD","2021-10-06T16:45:08.844Z","2021-10-06T16:45:08.844Z",
"CFIHOS-10000195","regulatory required indicator","An indication whether this document is to be developed to meet regulatory compliance requirements",,"Example : Yes","Boolean (Yes/No)","FR3","STANDARD","2021-10-06T16:45:08.844Z","2021-10-06T16:45:08.844Z",
"CFIHOS-10000196","document status description","The description of what the document status represents",,"Example : Document Deleted","Text, max 100 characters","FR3","STANDARD","2021-10-06T16:45:08.844Z","2021-10-06T16:45:08.844Z",
"CFIHOS-10000197","ISO language name","The name that ISO assigns to a language, in its ISO639-1 standard",,"Example : English","Text, max 45 characters","FR3","STANDARD","2021-10-06T16:45:08.844Z","2021-10-06T16:45:08.844Z",
"CFIHOS-10000198","export control classification description","A description of what the export control classification represents",,"Example : Controlled Content","Text, max 100 characters","FR3","STANDARD","2021-10-06T16:45:08.844Z","2021-10-06T16:45:08.844Z",
"CFIHOS-10000200","project stage name","The name of the project stage",,"Example : Conceptual Design","Text, max 100 characters","FR3","STANDARD","2021-10-06T16:45:08.844Z","2021-10-06T16:45:08.844Z",
"CFIHOS-10000201","reason for issue description","A description of what the reason for issue represents",,"Example : Superseded / Obsolete","Text, max 100 characters","FR3","STANDARD","2021-10-06T16:45:08.844Z","2021-10-06T16:45:08.844Z",
"CFIHOS-10000204","coding source code","A code that uniquely identifies the system that has been assigning codes to objects relevant to CFIHOS",,"Example : POSC CAESAR","Text, max 20 characters","FR3","STANDARD","2021-10-06T16:45:08.844Z","2021-10-06T16:45:08.844Z",
"CFIHOS-10000205","CFIHOS coding equivalent source description","A description of what that coding source is",,"Example : A non-profit global-standardization member organization that shall promote the development of open specifications to be used as standards for enabling the interoperability of data, software and related matters","Text, max 255 characters","FR3","STANDARD","2021-10-06T16:45:08.844Z","2021-10-06T16:45:08.844Z",
"CFIHOS-10000206","CFIHOS code equivalent value","The code, assigned in the coding source, to the object that is equivalent to the CFIHOS object",,"Example : RDS11590210","Text, max 40 characters","FR3","STANDARD","2021-10-06T16:45:08.844Z","2021-10-06T16:45:08.844Z",
"CFIHOS-10000207","discipline document type short code","At alternate way of identifying uniquely a combination of discipline and document type","This attribute is calculated as a concatenetion of the discipline code and the document type short code","Example : MP6067","Text, max 6 characters","FR3","STANDARD","2021-10-06T16:45:08.844Z","2021-10-06T16:45:08.844Z",
"CFIHOS-10000208","discipline description","A description of what the discipline covers",,"Example : Health is the discipline concerned with protecting the health and welfare of people engaged in work or employment.","Text, max 255 characters","FR3","STANDARD","2021-10-06T16:45:08.844Z","2021-10-06T16:45:08.844Z",
"CFIHOS-10000209","document type description","The full description of what the document type covers",,"Example : Includes FAT and non-FAT (Factory Acceptance Test) procedures; Also see Acceptance Test Report for definitions.","Text, max 1026 characters","FR3","STANDARD","2021-10-06T16:45:08.844Z","2021-10-06T16:45:08.844Z",
"CFIHOS-10000210","document type classification code","A code that uniquely identifies a document type classification",,"Example : CONT","Text, max 40 characters","FR3","STANDARD","2021-10-06T16:45:08.844Z","2021-10-06T16:45:08.844Z",
"CFIHOS-10000211","document type classification description","A description of what the document type classification represents",,"Example : Content type","Text, max 100 characters","FR3","STANDARD","2021-10-06T16:45:08.844Z","2021-10-06T16:45:08.844Z",
"CFIHOS-10000212","asset type description","A description of what the asset type represents",,"Example : Tag","Text, max 300 characters","FR3","STANDARD","2021-10-06T16:45:08.844Z","2021-10-06T16:45:08.844Z",
"CFIHOS-10000213","documentation representation type description","A description of what the document representation type is or represents",,"Example : Technical publication or Text","Text, max 100 characters","FR27","STANDARD","2021-10-06T16:45:08.844Z","2021-10-06T16:45:08.844Z",
"CFIHOS-10000214","document format code","A code that uniquely identifies a format that a document can take",,"Example : AutoCAD","Text, max 40 characters","FR3","STANDARD","2021-10-06T16:45:08.844Z","2021-10-06T16:45:08.844Z",
"CFIHOS-10000215","document format description","A description of what the document format represents",,"Example : AutoCAD","Text, max 100 characters","FR3","STANDARD","2021-10-06T16:45:08.844Z","2021-10-06T16:45:08.844Z",
"CFIHOS-10000216","document review type description","A description of what the document review type represents",,"Example : The review type is not specified.","Text, max 100 characters","FR3","STANDARD","2021-10-06T16:45:08.844Z","2021-10-06T16:45:08.844Z",
"CFIHOS-10000217","document retention period code","A code that uniquely identifies the period during which documents of a given type and related to a given discipline must be retained",,"Example : Life of Asset","Text, max 40 characters","FR27","TERMINATED","2021-10-06T16:45:08.844Z","2021-10-06T16:45:08.844Z","2021-10-06T16:45:08.844Z"
"CFIHOS-10000218","document retention period description","A description of what the document retention period represents",,"Example : To be kept as long as the asset is not retired","Text, max 100 characters","FR27","TERMINATED","2021-10-06T16:45:08.844Z","2021-10-06T16:45:08.844Z","2021-10-06T16:45:08.844Z"
"CFIHOS-10000219","requirement standard source code","A code that uniquely identifies the source of the requirement",,"Example : Core Team Review","Text, max 40 characters","FR3","STANDARD","2021-10-06T16:45:08.844Z","2021-10-06T16:45:08.844Z",
"CFIHOS-10000220","requirement standard source name","A description of what the source of the requirement represents",,"Example : Identified during review by the core team","Text, max 100 characters","FR3","STANDARD","2021-10-06T16:45:08.844Z","2021-10-06T16:45:08.844Z",
"CFIHOS-10000221","discipline document type description","A description of what the combination of the discipline and document type represents / is used for",,"Example : Includes P&IDs and Utility Engineering Flow Schemes UEFS.","Text, max 1026 characters","FR3;FR27","TERMINATED","2021-10-06T16:45:08.844Z","2021-10-06T16:45:08.844Z","2021-10-06T16:45:08.844Z"
"CFIHOS-10000222","source standard description","The description of what that reference standard represents or covers",,"Example : drill through equipment","Text, max 100 characters","FR3","STANDARD","2021-10-06T16:45:08.844Z","2021-10-06T16:45:08.844Z",
"CFIHOS-10000223","source standard still to be completed indicator","An indicator whether the source standard is complete, or if it is still evolving and needs to be completed",,"Example : No","Boolean (Yes/No)","FR3","STANDARD","2021-10-06T16:45:08.844Z","2021-10-06T16:45:08.844Z",
"CFIHOS-10000224","tag or equipment class synonym name","A name that can be used as synonym for a tag or equipment class",,"Example : pressure sensor","Text, max 100 characters","FR3","STANDARD","2021-10-06T16:45:08.844Z","2021-10-06T16:45:08.844Z",
"CFIHOS-10000230","life cycle activity class code","A code that uniquely identifies a class of activities in the life cycle of a capital asset",,"Example : COMMISSIONING","Text, max 40 characters","FR3","STANDARD","2021-10-06T16:45:08.844Z","2021-10-14T09:44:55.797Z",
"CFIHOS-10000231","life cycle activity class description","A description of what the life cycle activity class represents",,"Example : The  activity of bringing in a state where readiness for active service is warranted","Text, max 255 characters","FR3","STANDARD","2021-10-06T16:45:08.844Z","2021-10-06T16:45:08.844Z",
"CFIHOS-10000232","application condition code","A code that uniquely identifies an application condition",,"Example : High Voltage","Integer","FR3","STANDARD","2021-10-06T16:45:08.844Z","2021-10-06T16:45:08.844Z",
"CFIHOS-10000233","application condition description","A description of what the application condition represents",,,"Text, max 100 characters","FR3","STANDARD","2021-10-06T16:45:08.844Z","2021-10-06T16:45:08.844Z",
"CFIHOS-10000234","unit of measure dimension code","A code that uniquely identifies the unit of measure dimension",,"Example : Volume","Text, max 6 characters","FR3","STANDARD","2021-10-06T16:45:08.844Z","2021-10-06T16:45:08.844Z",
"CFIHOS-10000235","unit of measure dimension name","The name of the unit of measure dimension",,"Example : Volume","Text, max 100 characters","FR3","STANDARD","2021-10-06T16:45:08.844Z","2021-10-06T16:45:08.844Z",
"CFIHOS-10000236","property data type length","The maximum length that a property value may have in a pick list",,"Example : 40","Integer","FR3","STANDARD","2021-10-06T16:45:08.844Z","2021-10-06T16:45:08.844Z",
"CFIHOS-10000237","unit of measure code","A code that uniquely identifies the unit of measure","The coding of units of measure will be based on UN/ECE codes. The reasons for this is that 1) ISO does not, in 2018, have codes for units of measure, and 2) UN/ECE is the standard used in EDI transactions, i.e. to exchange transaction information electronically between parties","Example : SEC","Text, max 3 characters","FR3","STANDARD","2021-10-06T16:45:08.844Z","2021-10-06T16:45:08.844Z",
"CFIHOS-10000238","unit of measure name","The name by which is designated the unit of measure",,"Example : second","Text, max 90 characters","FR3","STANDARD","2021-10-06T16:45:08.844Z","2021-10-06T16:45:08.844Z",
"CFIHOS-10000239","unit of measure symbol","The symbol that usually used to represent the unit of measure",,"Example : s","Text, max 30 characters","FR3","STANDARD","2021-10-06T16:45:08.844Z","2021-10-06T16:45:08.844Z",
"CFIHOS-10000240","measurement system code","A code that uniquely identifies the measurement system",,"Example : SI","Text, max 10 characters","FR3","STANDARD","2021-10-06T16:45:08.844Z","2021-10-06T16:45:08.844Z",
"CFIHOS-10000241","measurement system name","The name under which the measurement system is known",,"Example : Metric","Text, max 60 characters","FR3","STANDARD","2021-10-06T16:45:08.844Z","2021-10-06T16:45:08.844Z",
"CFIHOS-10000242","reason for deviating from standard unit of measure","The reason why the unit of measure as prescribed by the source standard as not been used to report the tag property value",,"Example : Size of the value","Text, max 255 characters","FR3","STANDARD","2021-10-06T16:45:08.844Z","2021-10-06T16:45:08.844Z",
"CFIHOS-10000243","unit of measure synonym name","The name by which a unit of measure can alternatively be designated",,"Example : degree C","Text, max 20 characters","FR3","STANDARD","2021-10-06T16:45:08.844Z","2021-10-06T16:45:08.844Z",
"CFIHOS-10000244","source standard section","The section of the source standard in which the property is documented",,"Example : Data Sheet section","Text, max 40 characters","FR3","STANDARD","2021-10-06T16:45:08.844Z","2021-10-06T16:45:08.844Z",
"CFIHOS-10000245","property name in source standard","The name of the property in the source standard document",,"Example : Operating pressure, normal","Text, max 100 characters","FR3","STANDARD","2021-10-06T16:45:08.844Z","2021-10-06T16:45:08.844Z",
"CFIHOS-10000246","property relevant for equipment indicator","An indicator whether the property should be provided for a given equipment","It is important to distinguish the properties that should be provided by the EPC for an equipment, but e.g. not for a model. For instance, the color of a car is relevant for a given instance of a car, but not for the model.","Example : Yes","Boolean (Yes/No)","FR3","STANDARD","2021-10-06T16:45:08.844Z","2021-10-14T09:45:15.638Z",
"CFIHOS-10000247","property relevant for model / part indicator","An indication whether the property must by provided by the EPC (or the manufacturer) for a given model","Some properties should be reported for the models / parts associated with an equipment class, some for the equipment associated with the equipment class. Those are two separate pieces of data.","Example : Yes","Boolean (Yes/No)","FR3","STANDARD","2021-10-06T16:45:08.844Z","2021-10-06T16:45:08.844Z",
"CFIHOS-10000248","tag property value","The value of the property for that tag","The data type of that value must be aligned with the data type of the property. Moreover, if the property is numeric, it should be qualified by a unit of measure. If the property is not numeric, and has a pick list associated with the tag property value must be one of the entries in the set of pick list values.","Example : 220","Text, max 100 characters","FR3","STANDARD","2021-10-06T16:45:08.844Z","2021-10-06T16:45:08.844Z",
"CFIHOS-10000249","model part property value","The value of the property for that model part","The value of the property should be qualified by a unit of measure if it is numeric. If it is not numeric, and that the property is associated with a pick list, then the value of the property should be one of the valid pick list values.","Example : 220","Text, max 100 characters","FR3","STANDARD","2021-10-06T16:45:08.844Z","2021-10-06T16:45:08.844Z",
"CFIHOS-10000250","equipment property value","The value of that property for this equipment.","Id the value is numeric it should be qualified by a unit of measure. If it is not numeric, and the property is associated with a pick list, then it should be a valid entry from that pick list set of values.","Example : 220","Text, max 100 characters","FR3","STANDARD","2021-10-06T16:45:08.844Z","2021-10-14T09:45:33.738Z",
"CFIHOS-10000251","data type name","A description of what the data type code represents",,"Example : Binary Large Object","Text, max 255 characters","FR14","STANDARD","2021-10-06T16:45:08.844Z","2021-10-06T16:45:08.844Z",
"CFIHOS-10000252","sending company name","The name of the company who has sent the transmittal",,"Example : Flowserve","Text, max 30 characters","FR3","STANDARD","2021-10-06T16:45:08.844Z","2021-10-06T16:45:08.844Z",
"CFIHOS-10000253","referenced document number","The unique identifier for the document according to the Owner/Operator document numbering scheme",,"Example : T-10000001","Text, max 40 characters","FR3","STANDARD","2021-10-06T16:45:08.844Z","2021-10-06T16:45:08.844Z",
"CFIHOS-10000254","referenced document revision code","A code used to identify the content of a document at a certain point in time",,"1","Text, max 5 characters","FR3","STANDARD","2021-10-06T16:45:08.844Z","2021-10-06T16:45:08.844Z",
"CFIHOS-10000255","storage media description","A description of what the storage media represents",,"Example : Digital Video Disc","Text, max 100 characters","FR3","STANDARD","2021-10-06T16:45:08.844Z","2021-10-06T16:45:08.844Z",
"CFIHOS-10000256","tag or equipment class name","The full name of the tag or equipment class",,"Example : control panel","Text, max 100 characters","FR3","STANDARD","2021-10-06T16:45:08.844Z","2021-10-06T16:45:08.844Z",
"CFIHOS-10000257","parent tag or equipment class name","The full name of the tag or equipment class","The parent is actually mandatory for all classes, except the one at the top of the hierarchy","Example : control panel","Text, max 100 characters","FR3","STANDARD","2021-10-06T16:45:08.844Z","2021-10-06T16:45:08.844Z",
"CFIHOS-10000258","tag or equipment class definition","A definition of what the tag or equipment class is",,"Example : A panel containing full set of indicating devices and remote control units required for operation of a system or part of it","Text, max 1026 characters","FR3","STANDARD","2021-10-06T16:45:08.844Z","2021-10-06T16:45:08.844Z",
"CFIHOS-10000259","tag class indicator","An indication that the tag or equipment class is considered as a tag class",,"Example : Yes","Boolean (Yes/No)","FR3","STANDARD","2021-10-06T16:45:08.844Z","2021-10-06T16:45:08.844Z",
"CFIHOS-10000260","equipment class indicator","An indication that the tag or equipment class is considered as an equipment class",,"Example : Yes","Boolean (Yes/No)","FR3","STANDARD","2021-10-06T16:45:08.844Z","2021-10-06T16:45:08.844Z",
"CFIHOS-10000261","tag or equipment class existence reason description","An explanation of why the tag or equipment class was created / needed","RDL management attribute, not shared contractually with contractors",,"Text, max 255 characters","FR3","STANDARD","2021-10-06T16:45:08.844Z","2021-10-06T16:45:08.844Z",
"CFIHOS-10000262","property is relevant for tag indicator","An indication that the property is relevant for tags associated with the class",,"Example : Yes","Boolean (Yes/No)","FR3","STANDARD","2021-10-06T16:45:08.844Z","2021-10-06T16:45:08.844Z",
"CFIHOS-10000263","discipline document type required for tag indicator","An indication that the discipline document type is required for tags associated with this class",,"Example : Yes","Boolean (Yes/No)","FR3","STANDARD","2021-10-06T16:45:08.844Z","2021-10-06T16:45:08.844Z",
"CFIHOS-10000264","discipline document type required for model part indicator","An indication that the discipline document type is required for models or parts associated with this class",,"Example : No","Boolean (Yes/No)","FR3","STANDARD","2021-10-06T16:45:08.844Z","2021-10-06T16:45:08.844Z",
"CFIHOS-10000265","discipline document type required for equipment indicator","An indication that the discipline document type is required for equipment associated with this class",,"Example : No","Boolean (Yes/No)","FR3","STANDARD","2021-10-06T16:45:08.844Z","2021-10-06T16:45:08.844Z",
"CFIHOS-10000266","tag or equipment class relationship reason for mapping","The underlying reason why the tag class and the equipment class are related",,,"Text, max 255 characters","FR3","STANDARD","2021-10-06T16:45:08.844Z","2021-10-06T16:45:08.844Z",
"CFIHOS-10000267","source standard document and data requirement number","A number, assigned sequentially, to associate the VDDR to the engineering standard",,"Example : 11","Text, max 40 characters","FR14","STANDARD","2021-10-06T16:45:08.844Z","2021-10-06T16:45:08.844Z",
"CFIHOS-10000268","source standard document and data requirement title","The title, as spelled in the engineering standard, of the VDDR",,"Example :  Anticipated thermal movements for major connections","Text, max 150 characters","FR3","STANDARD","2021-10-06T16:45:08.844Z","2021-10-06T16:45:08.844Z",
"CFIHOS-10000269","source standard document and data requirement typical deliverable","A short description of the information deliverable that would typically include this document and data requirement","This field uses CFIHOS naming as much as possible, and is aligned as much as possible withthe JIP33 library of typical deliverable.","Example :  Anticipated thermal movements for major connections","Text, max 150 characters","FR14","STANDARD","2021-10-06T16:45:08.844Z","2021-10-06T16:45:08.844Z",
"CFIHOS-10000270","source standard document and data requirement description","A precise description, as documented in the engineering standard, of the VDDR in term of what the content of the document shall be",,"Example : The seal cross-sectional drawing shall include at least the following information:a) all seal components related to the order as well as pump components realted to the seal.b) dimensions to properly verify the seal setting position.c) Pu","Text, max 2048 characters","FR14","STANDARD","2021-10-06T16:45:08.844Z","2021-10-06T16:45:08.844Z",
"CFIHOS-10000271","engineering standard source chapter","The chapter of the engineering standard from which originates the VDDR",,"Example : Annex 11","Text, max 255 characters","FR14","STANDARD","2021-10-06T16:45:08.844Z","2021-10-06T16:45:08.844Z",
"CFIHOS-10000272","default submit at proposal indicator","An indicator whether documents having for content this VDDR shall be submitted by the Vendor during the ITT process. or not",,"Example : Yes","Boolean (Yes/No)","FR14","STANDARD","2021-10-06T16:45:08.844Z","2021-10-14T09:46:05.374Z",
"CFIHOS-10000273","default submit for review indicator","An indication whether documents having for content this requirement shall be submitted  by the vendor for review or not",,"Example : Yes\fs17","Boolean (Yes/No)","FR14","STANDARD","2021-10-06T16:45:08.844Z","2021-10-06T16:45:08.844Z",
"CFIHOS-10000274","default submit at delivery indicator","An indicator whether document having for content this VDDR shall be delivered by the Vendor at the same time as the delivery of the material or service.",,"Example : Yes","Boolean (Yes/No)","FR14","STANDARD","2021-10-06T16:45:08.844Z","2021-10-14T09:46:26.541Z",
"CFIHOS-10000275","default issue for review number of weeks","The number of weeks that, by default, should  be used, by the vendor, vs the reference date, to provide documents containing this VDDR for review",,"Example : 2","Integer","FR3","STANDARD","2021-10-06T16:45:08.844Z","2021-10-06T16:45:08.844Z",
"CFIHOS-10000276","default issue for review reference date","A code that uniquely identifies a document submission reference date",,"Example : WPTD","Text, max 40 characters","FR3","STANDARD","2021-10-06T16:45:08.844Z","2021-10-06T16:45:08.844Z",
"CFIHOS-10000277","default issue for approval number of weeks","The number of weeks that, by default, should  be used, by the vendor, vs the reference date, to provide documents containing this VDDR for approval",,"Example : 2","Integer","FR14","STANDARD","2021-10-06T16:45:08.844Z","2021-10-06T16:45:08.844Z",
"CFIHOS-10000278","default issue for approval reference date","A code that uniquely identifies a document submission reference date",,"Example : WPTD","Text, max 40 characters","FR14","STANDARD","2021-10-06T16:45:08.844Z","2021-10-06T16:45:08.844Z",
"CFIHOS-10000279","default for information number of weeks","The number of weeks that, by default, should  be used, by the vendor, vs the reference date, to provide documents containing this VDDR for final issue",,"Example : 2","Integer","FR14","STANDARD","2021-10-06T16:45:08.844Z","2021-10-06T16:45:08.844Z",
"CFIHOS-10000280","default for information reference date","A code that uniquely identifies a document submission reference date",,"Example : WPTD","Text, max 40 characters","FR14","STANDARD","2021-10-06T16:45:08.844Z","2021-10-06T16:45:08.844Z",
"CFIHOS-10000281","default required handover status code","The required status of the document at handover time",,"Example : as built","Text, max 40 characters","FR14","STANDARD","2021-10-06T16:45:08.844Z","2021-10-06T16:45:08.844Z",
"CFIHOS-10000282","default required translation indicator","An indication whether a document needs to be translated (for regulatory reason or operation reasons) or not",,"Example : NO","Boolean (Yes/No)","FR14","STANDARD","2021-10-06T16:45:08.844Z","2021-10-06T16:45:08.844Z",
"CFIHOS-10000283","source standard document and data requirement comment","A remark that the originator of the document and data requirement for this source standard wanted to capture",,"Example : Preliminary with proposal","Text, max 255 characters","FR14","STANDARD","2021-10-06T16:45:08.844Z","2021-10-06T16:45:08.844Z",
"CFIHOS-10000284","application condition group code","A code that uniquely identifies a group of application conditions",,"Example : 1","Text, max 40 characters","FR14","STANDARD","2021-10-06T16:45:08.844Z","2021-10-06T16:45:08.844Z",
"CFIHOS-10000285","application condition group description","A description of what the application condition group represents",,"Example : Low voltage, single speed","Text, max 100 characters","FR14","STANDARD","2021-10-06T16:45:08.844Z","2021-10-06T16:45:08.844Z",
"CFIHOS-10000286","comparison operator code","A code that uniquely identifies the comparison operator",,"Example : <=","Text, max 2 characters","FR14","STANDARD","2021-10-06T16:45:08.844Z","2021-10-06T16:45:08.844Z",
"CFIHOS-10000287","comparison operator name","The description of what the comparison operator represents",,"Example : less or equal to","Text, max 100 characters","FR14","STANDARD","2021-10-06T16:45:08.844Z","2021-10-06T16:45:08.844Z",
"CFIHOS-10000288","application condition value","The value that a condition must have to require the specification of a property for a tag or equipment class",,"Example : >1000 V","Text, max 100 characters","FR14","STANDARD","2021-10-06T16:45:08.844Z","2021-10-06T16:45:08.844Z",
"CFIHOS-10000289","document and data requirement type code","A code that uniquely identifies the type of document and data requirement",,"Examples : Design, Engineering","Text, max 40 characters","FR14","STANDARD","2021-10-06T16:45:08.844Z","2021-10-06T16:45:08.844Z",
"CFIHOS-10000290","document and data requirement type description","A description of what the document and data requirement represents",,"Example : Information generated during the design activity that has to be approved and reviewed by the purchaser.","Text, max 255 characters","FR14","STANDARD","2021-10-06T16:45:08.844Z","2021-10-06T16:45:08.844Z",
"CFIHOS-10000291","document and data requirement group code","A code that uniquely identifies the group to which a vendor document and data requirement belongs",,"Examples : Technical, Contractual","Text, max 40 characters","FR14","STANDARD","2021-10-06T16:45:08.844Z","2021-10-06T16:45:08.844Z",
"CFIHOS-10000292","document and data requirement group name","A description of what that group of vendor document and data requirements represents",,"Examples : Technical Information Deliverables, Contract Management Information Deliverables","Text, max 100 characters","FR14","STANDARD","2021-10-06T16:45:08.844Z","2021-10-06T16:45:08.844Z",
"CFIHOS-10000293","source standard document and data requirement inclusion indicator","An indication whether a source standard document and data requirement should be included or excluded of the condition is met",,"Example : Yes","Boolean (Yes/No)","FR14","STANDARD","2021-10-06T16:45:08.844Z","2021-10-06T16:45:08.844Z",
"CFIHOS-10000294","event type code","A code that uniquely identifies the type of event of interest to CFIHOS",,"Example : D","Text, max 2 characters","FR14","STANDARD","2021-10-06T16:45:08.844Z","2021-10-06T16:45:08.844Z",
"CFIHOS-10000295","event type name","The name, or description of the type of event",,"Example : Delivery","Text, max 100 characters","FR14","STANDARD","2021-10-06T16:45:08.844Z","2021-10-06T16:45:08.844Z",
"CFIHOS-10000296","submission reference date code","A code that uniquely identifies a document submission reference date",,"Example : WPTD","Text, max 40 characters","FR3","STANDARD","2021-10-06T16:45:08.844Z","2021-10-06T16:45:08.844Z",
"CFIHOS-10000297","submission reference date name","The name used to designate the submission reference date",,"Example : Week Prior To Delivery\fs17","Text, max 100 characters","FR3","STANDARD","2021-10-06T16:45:08.844Z","2021-10-06T16:45:08.844Z",
"CFIHOS-10000298","submission reference is after event type indicator","An indicator whether the submission reference date is after the even type or not",,"Example : Yes (True)","Boolean (Yes/No)","FR3","STANDARD","2021-10-06T16:45:08.844Z","2021-10-06T16:45:08.844Z",
"CFIHOS-10000299","purchase order item number","A code that uniquely identifies an item in a purchase order through which this equipment was acquired",,"Example : 0012","Integer","FR15","STANDARD","2021-10-06T16:45:08.844Z","2021-10-06T16:45:08.844Z",
"CFIHOS-10000300","purchase order item description","A description of what is being purchased through this item",,"Example : pipeline elbows","Text, max 255 characters","FR15","STANDARD","2021-10-06T16:45:08.844Z","2021-10-06T16:45:08.844Z",
"CFIHOS-10000301","purchase order item initial expected delivery date","The date, initially estimated, for the delivery of the purchase order item",,"Example : July 22, 2020","Date","FR15","STANDARD","2021-10-06T16:45:08.844Z","2021-10-06T16:45:08.844Z",
"CFIHOS-10000302","purchase order item latest revised delivery date","The latest revised date for the delivery of the purchase order item",,"Example : August 6, 2020","Date","FR15","STANDARD","2021-10-06T16:45:08.844Z","2021-10-06T16:45:08.844Z",
"CFIHOS-10000303","purchase order item quantity","The quantity of what is purchased in this order item",,"Example : 100","NUM","FR27","STANDARD","2021-10-06T16:45:08.844Z","2021-10-06T16:45:08.844Z",
"CFIHOS-10000304","planned final revision date","The date at which the final revision of the document is expected to be issued",,"Example : 15-May-2018","Date","FR15","STANDARD","2021-10-06T16:45:08.844Z","2021-10-06T16:45:08.844Z",
"CFIHOS-10000305","actual final revision date","The date at which the final revision of the document was actually issued",,"Example : 31-May-2018","Date","FR15","STANDARD","2021-10-06T16:45:08.844Z","2021-10-06T16:45:08.844Z",
"CFIHOS-10000306","vendor document update description","A description of what has changed in the vendor document  since its previous document index transmission",,"Example : Updated PLANNED_AFC_DATE","Text, max 2048 characters","FR15","STANDARD","2021-10-06T16:45:08.844Z","2021-10-06T16:45:08.844Z",
"CFIHOS-10000307","purchase order vendor document and data requirement number","A number that uniquely identifies a document and data requirement of a given standard source, in a given purchase order item",,"Example : 1","Integer","FR15","STANDARD","2021-10-06T16:45:08.844Z","2021-10-06T16:45:08.844Z",
"CFIHOS-10000308","submit at proposal indicator","An indication whether documents having for content this VDDR shall be submitted by the Vendor during the ITT process or not",,"Example : YES","Boolean (Yes/No)","FR15","STANDARD","2021-10-06T16:45:08.844Z","2021-10-06T16:45:08.844Z",
"CFIHOS-10000309","submit for review indicator","An indication whether documents having for content this VDDR shall be submitted by the Vendor for review or not",,"Example : YES","Boolean (Yes/No)","FR15","STANDARD","2021-10-06T16:45:08.844Z","2021-10-06T16:45:08.844Z",
"CFIHOS-10000310","submit at delivery indicator","An indication whether document having for content this VDDR shall be delivered by the Vendor at the same time as the delivery of the material or service or not",,"Example : YES","Boolean (Yes/No)","FR15","STANDARD","2021-10-06T16:45:08.844Z","2021-10-06T16:45:08.844Z",
"CFIHOS-10000311","date required for information sharing","The date agreed with the vendor by which information about this document and data requirement should be shared",,"Example : 22-Jul-2020","Date","FR15","STANDARD","2021-10-06T16:45:08.844Z","2021-10-06T16:45:08.844Z",
"CFIHOS-10000312","date required for final review","The date agreed with the vendor by which a final review version of  this document and data requirement should be available",,"Example : 22-Jul-2020","Date","FR15","STANDARD","2021-10-06T16:45:08.844Z","2021-10-06T16:45:08.844Z",
"CFIHOS-10000313","date required for approval","The date agreed with the vendor by which an approved version of  this document and data requirement should be available",,"Example : 22-Jul-2020","Date","FR15","STANDARD","2021-10-06T16:45:08.844Z","2021-10-06T16:45:08.844Z",
"CFIHOS-10000314","translation required indicator","An indication whether a document needs to be translated (for regulatory reason or operation reasons), or not",,"Example : No","Boolean (Yes/No)","FR15","STANDARD","2021-10-06T16:45:08.844Z","2021-10-06T16:45:08.844Z",
"CFIHOS-10000315","purchaser comment","A comment made by the purchase issuer about this VDDR in this purchase order item",,"Example : Company document number allocated","Text, max 1024 characters","FR15","STANDARD","2021-10-06T16:45:08.844Z","2021-10-06T16:45:08.844Z",
"CFIHOS-10000316","contractor comment","A comment made by the contractor about this VDDR in this purchase order item",,"Example : Contractor reference-001","Text, max 1024 characters","FR15","STANDARD","2021-10-06T16:45:08.844Z","2021-10-06T16:45:08.844Z",
"CFIHOS-10000317","vendor comment","A comment made by the vendor about this VDDR in this purchase order item",,"Example : Vendor reference-001","Text, max 1024 characters","FR15","STANDARD","2021-10-06T16:45:08.844Z","2021-10-06T16:45:08.844Z",
"CFIHOS-10000318","purchase order item event original estimated date","The date at which the expected event was initially estimated to take place",,"Example : June 30, 2020","Date","FR15","STANDARD","2021-10-06T16:45:08.844Z","2021-10-06T16:45:08.844Z",
"CFIHOS-10000319","purchase order item event latest revised date","The latest revised date at which the expected event is estimated to take place.",,"Example : July 3, 2020","Date","FR15","STANDARD","2021-10-06T16:45:08.844Z","2021-10-14T09:46:46.539Z",
"CFIHOS-10000320","process class name","The name by which a process class is uniquely identified",,"Example : Storing","Text, max 100 characters","FR43","STANDARD","2021-10-06T16:45:08.844Z","2021-10-06T16:45:08.844Z",
"CFIHOS-10000321","process class definition","A definition of what the process class represents",,"Example : The action of placing something in a storage medium.","Text, max 255 characters","FR43","STANDARD","2021-10-06T16:45:08.844Z","2021-10-06T16:45:08.844Z",
"CFIHOS-10000322","process activity code","A code that uniquely identifies the process / activity",,"Example : PROC_07","Text, max 40 characters","FR43","STANDARD","2021-10-06T16:45:08.844Z","2021-10-06T16:45:08.844Z",
"CFIHOS-10000323","parent process activity code","The process / activity the current process is part of, or is a step of",,"MS_01","Text, max 40 characters","FR43","STANDARD","2021-10-06T16:45:08.844Z","2021-10-06T16:45:08.844Z",
"CFIHOS-10000324","process activity description","A description of what action is performed by this process activity",,"Example : heating the crude provided by the stream MS_04 and pass it to the stream MS_06","Text, max 255 characters","FR43","STANDARD","2021-10-06T16:45:08.844Z","2021-10-06T16:45:08.844Z",
"CFIHOS-10000325","process design property value","The value, qualified by a unit of measure, that the property must have to meet the design needs of the process",,"Example : 3","Text, max 100 characters","FR43","STANDARD","2021-10-06T16:45:08.844Z","2021-10-06T16:45:08.844Z",
"CFIHOS-10000326","stream class code","A code that uniquely identifies the class of stream",,"Example : ES","Text, max 40 characters","FR43","STANDARD","2021-10-06T16:45:08.844Z","2021-10-06T16:45:08.844Z",
"CFIHOS-10000327","stream class description","A description of what the stream is transporting, transforming or storing",,"Example : Energy Stream","Text, max 255 characters","FR43","STANDARD","2021-10-06T16:45:08.844Z","2021-10-06T16:45:08.844Z",
"CFIHOS-10000328","process stream code","A code that uniquely identifies a process stream",,"Example : MS_07","Text, max 40 characters","FR43","STANDARD","2021-10-06T16:45:08.844Z","2021-10-06T16:45:08.844Z",
"CFIHOS-10000329","process stream description","A description of what the process stream is transporting / transforming or storing, and how it fits within the process flow diagram",,"Example : Move of crude from Tank TK01 to process Pumping P_123","Text, max 255 characters","FR43","STANDARD","2021-10-06T16:45:08.844Z","2021-10-06T16:45:08.844Z",
"CFIHOS-10000330","output of process activity code","The process from which the stream originates",,"Example : PROC_07","Text, max 40 characters","FR43","STANDARD","2021-10-06T16:45:08.844Z","2021-10-06T16:45:08.844Z",
"CFIHOS-10000331","input of process activity code","The process to which the stream is delivering its material, energy, or information",,"Example : PROC_08","Text, max 40 characters","FR43","STANDARD","2021-10-06T16:45:08.844Z","2021-10-06T16:45:08.844Z",
"CFIHOS-10000332","process stream property value","The value that the property must take to allow for proper functioning of the stream",,"Example : 2.5","Text, max 100 characters","FR43","STANDARD","2021-10-06T16:45:08.844Z","2021-10-06T16:45:08.844Z",
"CFIHOS-10000333","tag property margin ratio","The total margin that has been applied on the value of the tag property, compared to what was evaluated as the process stream property",,"Example: 240","NUM","FR43","STANDARD","2021-10-06T16:45:08.844Z","2021-10-06T16:45:08.844Z",
"CFIHOS-10000334","parent stream class code","The stream class that is a super type of this stream class",,"Example : MS (material stream)","Text, max 40 characters","FR51","STANDARD","2021-10-06T16:45:08.844Z","2021-10-06T16:45:08.844Z",
"CFIHOS-10000348","process case number","The unique identifier of a process case",,"Example : 123","Text, max 40 characters","FR51","STANDARD","2021-10-06T16:45:08.844Z","2021-10-06T16:45:08.844Z",
"CFIHOS-10000349","process case description","The description of the process case being analysed",,"Example : Normal operations","Text, max 2000 characters","FR51","STANDARD","2021-10-06T16:45:08.844Z","2021-10-14T09:47:20.918Z",
"CFIHOS-10000350","process stream property value in case","The value that the property has taken in the process stream case",,"Example : 23.5","Text, max 100 characters","FR51","STANDARD","2021-10-06T16:45:08.844Z","2021-10-06T16:45:08.844Z",
"CFIHOS-10000351","process property value in case","The value that a property has taken in the process case",,"Example : 23.5","Text, max 100 characters","FR51","STANDARD","2021-10-06T16:45:08.844Z","2021-10-06T16:45:08.844Z",
"CFIHOS-10000352","handover event name","A name that uniquely identifies the event during which handover of information is taking place",,"Example : Detailed engineering","Text, max 40 characters","FR27","STANDARD","2021-10-06T16:45:08.844Z","2021-10-06T16:45:08.844Z",
"CFIHOS-10000353","handover event description","The description of what the handover event represents",,"Example : Project milestone for information handover for the start of the detailed engineering activity","Text, max 100 characters","FR27","STANDARD","2021-10-06T16:45:08.844Z","2021-10-06T16:45:08.844Z",
"CFIHOS-10000354","handover event reporting sequence number","A sequence number, used to determine in which order the handover phases should be reported",,"Example : 10","Integer","FR27","STANDARD","2021-10-06T16:45:08.844Z","2021-10-06T16:45:08.844Z",
"CFIHOS-10000355","native file delivery timing code","A code that uniquely identifies the timing for the native file delivery",,"Example : during project","Text, max 40 characters","FR27","STANDARD","2021-10-06T16:45:08.844Z","2021-10-06T16:45:08.844Z",
"CFIHOS-10000356","native file delivery timing description","A description of what the timing of the native file delivery represents.",,"Example : The native file should be delivered during project","Text, max 100 characters","FR27","STANDARD","2021-10-06T16:45:08.844Z","2021-10-14T09:47:24.655Z",
"CFIHOS-10000357","native document format","The native format that the document should have",,"Example : AutoCAD","Text, max 40 characters","FR27","STANDARD","2021-10-06T16:45:08.844Z","2021-10-06T16:45:08.844Z",
"CFIHOS-10000358","authenticated record format","The format under which the authenticated record is provided",,"Example : AutoCAD","Text, max 40 characters","FR27","STANDARD","2021-10-06T16:45:08.844Z","2021-10-06T16:45:08.844Z",
"CFIHOS-10000365","deliverable format code","A code that uniquely identifies the format of the deliverable",,"Example : PDF","Text, max 40 characters","FR74","STANDARD","2021-10-06T16:45:08.844Z","2021-10-06T16:45:08.844Z",
"CFIHOS-10000366","deliverable format description","A description of what the deliverable format represents",,"Example : Portable Document Format","Text, max 100 characters","FR74","STANDARD","2021-10-06T16:45:08.844Z","2021-10-06T16:45:08.844Z",
